dataset,source_paper,tracer,method,R_kpc,R_err_kpc,vc_kms,sigma_v_kms,mass_msun,sigma_mass_msun,kind,plotted,used_in_fit,note
"Wang2026_rotation_curve","Wang et al. 2026","Gaia phase-space spiral","circular-speed inference",6.23,,227.56,13.73,,,"direct_rotation",true,true,"Original Fig. 1 radial data; total uncertainty used in fits."
"Wang2026_rotation_curve","Wang et al. 2026","Gaia phase-space spiral","circular-speed inference",6.79,,227.74,14.25,,,"direct_rotation",true,true,"Original Fig. 1 radial data; total uncertainty used in fits."
"Wang2026_rotation_curve","Wang et al. 2026","Gaia phase-space spiral","circular-speed inference",7.21,,231.82,14.48,,,"direct_rotation",true,true,"Original Fig. 1 radial data; total uncertainty used in fits."
"Wang2026_rotation_curve","Wang et al. 2026","Gaia phase-space spiral","circular-speed inference",7.75,,231.14,14.91,,,"direct_rotation",true,true,"Original Fig. 1 radial data; total uncertainty used in fits."
"Wang2026_rotation_curve","Wang et al. 2026","Gaia phase-space spiral","circular-speed inference",8.22,,237.28,15.44,,,"direct_rotation",true,true,"Original Fig. 1 radial data; total uncertainty used in fits."
"Wang2026_rotation_curve","Wang et al. 2026","Gaia phase-space spiral","circular-speed inference",8.89,,241.44,16.11,,,"direct_rotation",true,true,"Original Fig. 1 radial data; total uncertainty used in fits."
"Wang2026_rotation_curve","Wang et al. 2026","Gaia phase-space spiral","circular-speed inference",9.31,,240.33,16.34,,,"direct_rotation",true,true,"Original Fig. 1 radial data; total uncertainty used in fits."
"Wang2026_rotation_curve","Wang et al. 2026","Gaia phase-space spiral","circular-speed inference",9.73,,238.46,16.53,,,"direct_rotation",true,true,"Original Fig. 1 radial data; total uncertainty used in fits."
"Wang2026_rotation_curve","Wang et al. 2026","Gaia phase-space spiral","circular-speed inference",10.29,,237.9,16.94,,,"direct_rotation",true,true,"Original Fig. 1 radial data; total uncertainty used in fits."
"Wang2026_rotation_curve","Wang et al. 2026","Gaia phase-space spiral","circular-speed inference",10.77,,236.31,17.24,,,"direct_rotation",true,true,"Original Fig. 1 radial data; total uncertainty used in fits."
"Wang2026_rotation_curve","Wang et al. 2026","Gaia phase-space spiral","circular-speed inference",11.24,,234.92,17.54,,,"direct_rotation",true,true,"Original Fig. 1 radial data; total uncertainty used in fits."
"Wang2026_rotation_curve","Wang et al. 2026","Gaia phase-space spiral","circular-speed inference",11.78,,234.51,18,,,"direct_rotation",true,true,"Original Fig. 1 radial data; total uncertainty used in fits."
"Wang2026_rotation_curve","Wang et al. 2026","Gaia phase-space spiral","circular-speed inference",12.24,,233.8,18.39,,,"direct_rotation",true,true,"Original Fig. 1 radial data; total uncertainty used in fits."
"Wang2026_rotation_curve","Wang et al. 2026","Gaia phase-space spiral","circular-speed inference",12.75,,231.21,18.69,,,"direct_rotation",true,true,"Original Fig. 1 radial data; total uncertainty used in fits."
"Wang2026_rotation_curve","Wang et al. 2026","Gaia phase-space spiral","circular-speed inference",13.26,,229.88,19.11,,,"direct_rotation",true,true,"Original Fig. 1 radial data; total uncertainty used in fits."
"Wang2026_rotation_curve","Wang et al. 2026","Gaia phase-space spiral","circular-speed inference",13.76,,227.32,19.45,,,"direct_rotation",true,true,"Original Fig. 1 radial data; total uncertainty used in fits."
"Wang2026_rotation_curve","Wang et al. 2026","Gaia phase-space spiral","circular-speed inference",14.24,,224.91,19.8,,,"direct_rotation",true,true,"Original Fig. 1 radial data; total uncertainty used in fits."
"Wang2026_rotation_curve","Wang et al. 2026","Gaia phase-space spiral","circular-speed inference",14.72,,223.29,20.24,,,"direct_rotation",true,true,"Original Fig. 1 radial data; total uncertainty used in fits."
"Wang2026_rotation_curve","Wang et al. 2026","Gaia phase-space spiral","circular-speed inference",15.21,,220.41,20.6,,,"direct_rotation",true,true,"Original Fig. 1 radial data; total uncertainty used in fits."
"Wang2026_rotation_curve","Wang et al. 2026","Gaia phase-space spiral","circular-speed inference",15.66,,221.13,21.27,,,"direct_rotation",true,true,"Original Fig. 1 radial data; total uncertainty used in fits."
"Wang2026_rotation_curve","Wang et al. 2026","Gaia phase-space spiral","circular-speed inference",16.33,,218.37,21.96,,,"direct_rotation",true,true,"Original Fig. 1 radial data; total uncertainty used in fits."
"Wang2026_rotation_curve","Wang et al. 2026","Gaia phase-space spiral","circular-speed inference",16.78,,217.71,22.55,,,"direct_rotation",true,true,"Original Fig. 1 radial data; total uncertainty used in fits."
"Wang2026_rotation_curve","Wang et al. 2026","Gaia phase-space spiral","circular-speed inference",17.25,,217.99,23.34,,,"direct_rotation",true,true,"Original Fig. 1 radial data; total uncertainty used in fits."
"Wang2026_rotation_curve","Wang et al. 2026","Gaia phase-space spiral","circular-speed inference",17.74,,214.01,23.75,,,"direct_rotation",true,true,"Original Fig. 1 radial data; total uncertainty used in fits."
"Wang2026_rotation_curve","Wang et al. 2026","Gaia phase-space spiral","circular-speed inference",18.23,,216.89,24.87,,,"direct_rotation",true,true,"Original Fig. 1 radial data; total uncertainty used in fits."
"Wang2026_rotation_curve","Wang et al. 2026","Gaia phase-space spiral","circular-speed inference",18.67,,212.7,25.17,,,"direct_rotation",true,true,"Original Fig. 1 radial data; total uncertainty used in fits."
"Wang2026_rotation_curve","Wang et al. 2026","Gaia phase-space spiral","circular-speed inference",19.16,,210.39,25.82,,,"direct_rotation",true,true,"Original Fig. 1 radial data; total uncertainty used in fits."
"Wang2026_rotation_curve","Wang et al. 2026","Gaia phase-space spiral","circular-speed inference",19.7,,209.15,26.74,,,"direct_rotation",true,true,"Original Fig. 1 radial data; total uncertainty used in fits."
"Wang2026_rotation_curve","Wang et al. 2026","Gaia phase-space spiral","circular-speed inference",20.32,,203.71,27.31,,,"direct_rotation",true,true,"Original Fig. 1 radial data; total uncertainty used in fits."
"Wang2026_rotation_curve","Wang et al. 2026","Gaia phase-space spiral","circular-speed inference",20.74,,199.96,27.69,,,"direct_rotation",true,true,"Original Fig. 1 radial data; total uncertainty used in fits."
"Wang2026_rotation_curve","Wang et al. 2026","Gaia phase-space spiral","circular-speed inference",21.21,,205.05,29.52,,,"direct_rotation",true,true,"Original Fig. 1 radial data; total uncertainty used in fits."
"Wang2026_rotation_curve","Wang et al. 2026","Gaia phase-space spiral","circular-speed inference",21.83,,197.98,30.16,,,"direct_rotation",true,true,"Original Fig. 1 radial data; total uncertainty used in fits."
"Wang2026_rotation_curve","Wang et al. 2026","Gaia phase-space spiral","circular-speed inference",23.36,,191.53,33.1,,,"direct_rotation",true,true,"Original Fig. 1 radial data; total uncertainty used in fits."
"Wang2026_rotation_curve","Wang et al. 2026","Gaia phase-space spiral","circular-speed inference",24.68,,186.64,36.22,,,"direct_rotation",true,true,"Original Fig. 1 radial data; total uncertainty used in fits."
"McClureDickey2016_Q1_terminal","McClure-Griffiths & Dickey 2016","H I terminal velocities","binned terminal curve; n=16",2.6308355,,207.46602,3,,,"direct_rotation",true,true,""
"McClureDickey2016_Q1_terminal","McClure-Griffiths & Dickey 2016","H I terminal velocities","binned terminal curve; n=17",2.7741915,,209.15608,3,,,"direct_rotation",true,true,""
"McClureDickey2016_Q1_terminal","McClure-Griffiths & Dickey 2016","H I terminal velocities","binned terminal curve; n=18",2.9251872,,210.11102,3,,,"direct_rotation",true,true,""
"McClureDickey2016_Q1_terminal","McClure-Griffiths & Dickey 2016","H I terminal velocities","binned terminal curve; n=17",3.0750271,,208.22419,3,,,"direct_rotation",true,true,""
"McClureDickey2016_Q1_terminal","McClure-Griffiths & Dickey 2016","H I terminal velocities","binned terminal curve; n=18",3.2236205,,208.85927,3,,,"direct_rotation",true,true,""
"McClureDickey2016_Q1_terminal","McClure-Griffiths & Dickey 2016","H I terminal velocities","binned terminal curve; n=18",3.3751878,,210.82426,3.090813,,,"direct_rotation",true,true,""
"McClureDickey2016_Q1_terminal","McClure-Griffiths & Dickey 2016","H I terminal velocities","binned terminal curve; n=18",3.5253328,,216.13951,3,,,"direct_rotation",true,true,""
"McClureDickey2016_Q1_terminal","McClure-Griffiths & Dickey 2016","H I terminal velocities","binned terminal curve; n=18",3.6739939,,217.7249,3,,,"direct_rotation",true,true,""
"McClureDickey2016_Q1_terminal","McClure-Griffiths & Dickey 2016","H I terminal velocities","binned terminal curve; n=19",3.8251704,,219.5895,3,,,"direct_rotation",true,true,""
"McClureDickey2016_Q1_terminal","McClure-Griffiths & Dickey 2016","H I terminal velocities","binned terminal curve; n=18",3.9747178,,222.35005,3.1600179,,,"direct_rotation",true,true,""
"McClureDickey2016_Q1_terminal","McClure-Griffiths & Dickey 2016","H I terminal velocities","binned terminal curve; n=19",4.1224835,,232.70112,3,,,"direct_rotation",true,true,""
"McClureDickey2016_Q1_terminal","McClure-Griffiths & Dickey 2016","H I terminal velocities","binned terminal curve; n=19",4.2723194,,234.83476,3,,,"direct_rotation",true,true,""
"McClureDickey2016_Q1_terminal","McClure-Griffiths & Dickey 2016","H I terminal velocities","binned terminal curve; n=20",4.4240672,,233.50769,3,,,"direct_rotation",true,true,""
"McClureDickey2016_Q1_terminal","McClure-Griffiths & Dickey 2016","H I terminal velocities","binned terminal curve; n=20",4.5774499,,237.20678,3,,,"direct_rotation",true,true,""
"McClureDickey2016_Q1_terminal","McClure-Griffiths & Dickey 2016","H I terminal velocities","binned terminal curve; n=20",4.7285047,,232.30301,3,,,"direct_rotation",true,true,""
"McClureDickey2016_Q1_terminal","McClure-Griffiths & Dickey 2016","H I terminal velocities","binned terminal curve; n=20",4.8771077,,233.11028,3,,,"direct_rotation",true,true,""
"McClureDickey2016_Q1_terminal","McClure-Griffiths & Dickey 2016","H I terminal velocities","binned terminal curve; n=21",5.0267779,,237.14668,3,,,"direct_rotation",true,true,""
"McClureDickey2016_Q1_terminal","McClure-Griffiths & Dickey 2016","H I terminal velocities","binned terminal curve; n=21",5.1773263,,235.6166,3,,,"direct_rotation",true,true,""
"McClureDickey2016_Q1_terminal","McClure-Griffiths & Dickey 2016","H I terminal velocities","binned terminal curve; n=21",5.3249208,,232.31737,3,,,"direct_rotation",true,true,""
"McClureDickey2016_Q1_terminal","McClure-Griffiths & Dickey 2016","H I terminal velocities","binned terminal curve; n=22",5.4728927,,233.32324,3,,,"direct_rotation",true,true,""
"McClureDickey2016_Q1_terminal","McClure-Griffiths & Dickey 2016","H I terminal velocities","binned terminal curve; n=23",5.6242448,,235.30322,3,,,"direct_rotation",true,true,""
"McClureDickey2016_Q1_terminal","McClure-Griffiths & Dickey 2016","H I terminal velocities","binned terminal curve; n=23",5.7751929,,237.01943,3,,,"direct_rotation",true,true,""
"McClureDickey2016_Q1_terminal","McClure-Griffiths & Dickey 2016","H I terminal velocities","binned terminal curve; n=24",5.925357,,240.47932,3,,,"direct_rotation",true,true,""
"McClureDickey2016_Q1_terminal","McClure-Griffiths & Dickey 2016","H I terminal velocities","binned terminal curve; n=24",6.0743689,,244.2095,3,,,"direct_rotation",true,true,""
"McClureDickey2016_Q1_terminal","McClure-Griffiths & Dickey 2016","H I terminal velocities","binned terminal curve; n=26",6.2247831,,247.6899,3,,,"direct_rotation",true,true,""
"McClureDickey2016_Q1_terminal","McClure-Griffiths & Dickey 2016","H I terminal velocities","binned terminal curve; n=26",6.3759227,,250.96705,3,,,"direct_rotation",true,true,""
"McClureDickey2016_Q1_terminal","McClure-Griffiths & Dickey 2016","H I terminal velocities","binned terminal curve; n=27",6.5242473,,249.43311,3,,,"direct_rotation",true,true,""
"McClureDickey2016_Q1_terminal","McClure-Griffiths & Dickey 2016","H I terminal velocities","binned terminal curve; n=29",6.6745386,,240.80292,3,,,"direct_rotation",true,true,""
"McClureDickey2016_Q1_terminal","McClure-Griffiths & Dickey 2016","H I terminal velocities","binned terminal curve; n=30",6.8256111,,241.65422,3,,,"direct_rotation",true,true,""
"McClureDickey2016_Q1_terminal","McClure-Griffiths & Dickey 2016","H I terminal velocities","binned terminal curve; n=32",6.976095,,242.62886,3,,,"direct_rotation",true,true,""
"McClureDickey2016_Q1_terminal","McClure-Griffiths & Dickey 2016","H I terminal velocities","binned terminal curve; n=34",7.1268086,,242.41113,3,,,"direct_rotation",true,true,""
"McClureDickey2016_Q1_terminal","McClure-Griffiths & Dickey 2016","H I terminal velocities","binned terminal curve; n=36",7.2757353,,241.14901,3,,,"direct_rotation",true,true,""
"McClureDickey2016_Q1_terminal","McClure-Griffiths & Dickey 2016","H I terminal velocities","binned terminal curve; n=34",7.4132944,,237.61316,3,,,"direct_rotation",true,true,""
"McClureDickey2007_Q4_terminal","McClure-Griffiths & Dickey 2007","H I terminal velocities","binned terminal curve; n=4",2.8317705,,216.84748,3,,,"direct_rotation",true,true,""
"McClureDickey2007_Q4_terminal","McClure-Griffiths & Dickey 2007","H I terminal velocities","binned terminal curve; n=17",2.9245143,,217.00653,3,,,"direct_rotation",true,true,""
"McClureDickey2007_Q4_terminal","McClure-Griffiths & Dickey 2007","H I terminal velocities","binned terminal curve; n=17",3.0738128,,215.83401,3,,,"direct_rotation",true,true,""
"McClureDickey2007_Q4_terminal","McClure-Griffiths & Dickey 2007","H I terminal velocities","binned terminal curve; n=18",3.2262339,,222.01101,3,,,"direct_rotation",true,true,""
"McClureDickey2007_Q4_terminal","McClure-Griffiths & Dickey 2007","H I terminal velocities","binned terminal curve; n=17",3.3773303,,222.85683,3,,,"direct_rotation",true,true,""
"McClureDickey2007_Q4_terminal","McClure-Griffiths & Dickey 2007","H I terminal velocities","binned terminal curve; n=18",3.527018,,220.3857,3,,,"direct_rotation",true,true,""
"McClureDickey2007_Q4_terminal","McClure-Griffiths & Dickey 2007","H I terminal velocities","binned terminal curve; n=17",3.6752552,,219.4125,3,,,"direct_rotation",true,true,""
"McClureDickey2007_Q4_terminal","McClure-Griffiths & Dickey 2007","H I terminal velocities","binned terminal curve; n=18",3.8219537,,220.07401,3,,,"direct_rotation",true,true,""
"McClureDickey2007_Q4_terminal","McClure-Griffiths & Dickey 2007","H I terminal velocities","binned terminal curve; n=19",3.9753101,,224.36239,3,,,"direct_rotation",true,true,""
"McClureDickey2007_Q4_terminal","McClure-Griffiths & Dickey 2007","H I terminal velocities","binned terminal curve; n=18",4.1268413,,230.34713,3,,,"direct_rotation",true,true,""
"McClureDickey2007_Q4_terminal","McClure-Griffiths & Dickey 2007","H I terminal velocities","binned terminal curve; n=19",4.2764451,,232.48432,3,,,"direct_rotation",true,true,""
"McClureDickey2007_Q4_terminal","McClure-Griffiths & Dickey 2007","H I terminal velocities","binned terminal curve; n=19",4.4280317,,227.48881,3,,,"direct_rotation",true,true,""
"McClureDickey2007_Q4_terminal","McClure-Griffiths & Dickey 2007","H I terminal velocities","binned terminal curve; n=19",4.5774604,,226.41181,3,,,"direct_rotation",true,true,""
"McClureDickey2007_Q4_terminal","McClure-Griffiths & Dickey 2007","H I terminal velocities","binned terminal curve; n=19",4.724652,,227.50316,3,,,"direct_rotation",true,true,""
"McClureDickey2007_Q4_terminal","McClure-Griffiths & Dickey 2007","H I terminal velocities","binned terminal curve; n=20",4.8732988,,229.27534,3,,,"direct_rotation",true,true,""
"McClureDickey2007_Q4_terminal","McClure-Griffiths & Dickey 2007","H I terminal velocities","binned terminal curve; n=20",5.0231669,,229.00096,3,,,"direct_rotation",true,true,""
"McClureDickey2007_Q4_terminal","McClure-Griffiths & Dickey 2007","H I terminal velocities","binned terminal curve; n=19",5.1712514,,227.51052,3,,,"direct_rotation",true,true,""
"McClureDickey2007_Q4_terminal","McClure-Griffiths & Dickey 2007","H I terminal velocities","binned terminal curve; n=21",5.3253576,,225.76183,3,,,"direct_rotation",true,true,""
"McClureDickey2007_Q4_terminal","McClure-Griffiths & Dickey 2007","H I terminal velocities","binned terminal curve; n=21",5.473592,,223.17383,3,,,"direct_rotation",true,true,""
"McClureDickey2007_Q4_terminal","McClure-Griffiths & Dickey 2007","H I terminal velocities","binned terminal curve; n=22",5.6219558,,227.58347,3,,,"direct_rotation",true,true,""
"McClureDickey2007_Q4_terminal","McClure-Griffiths & Dickey 2007","H I terminal velocities","binned terminal curve; n=23",5.7734506,,231.80459,3,,,"direct_rotation",true,true,""
"McClureDickey2007_Q4_terminal","McClure-Griffiths & Dickey 2007","H I terminal velocities","binned terminal curve; n=23",5.9242372,,234.64355,3,,,"direct_rotation",true,true,""
"McClureDickey2007_Q4_terminal","McClure-Griffiths & Dickey 2007","H I terminal velocities","binned terminal curve; n=18",6.0822307,,239.75092,3,,,"direct_rotation",true,true,""
"McClureDickey2007_Q4_terminal","McClure-Griffiths & Dickey 2007","H I terminal velocities","binned terminal curve; n=25",6.2250948,,243.5219,3,,,"direct_rotation",true,true,""
"McClureDickey2007_Q4_terminal","McClure-Griffiths & Dickey 2007","H I terminal velocities","binned terminal curve; n=26",6.3770891,,244.67018,3,,,"direct_rotation",true,true,""
"McClureDickey2007_Q4_terminal","McClure-Griffiths & Dickey 2007","H I terminal velocities","binned terminal curve; n=24",6.5216241,,239.78553,3.4184561,,,"direct_rotation",true,true,""
"McClureDickey2007_Q4_terminal","McClure-Griffiths & Dickey 2007","H I terminal velocities","binned terminal curve; n=27",6.6767826,,241.43388,3,,,"direct_rotation",true,true,""
"McClureDickey2007_Q4_terminal","McClure-Griffiths & Dickey 2007","H I terminal velocities","binned terminal curve; n=29",6.8245914,,246.53006,3,,,"direct_rotation",true,true,""
"McClureDickey2007_Q4_terminal","McClure-Griffiths & Dickey 2007","H I terminal velocities","binned terminal curve; n=31",6.974048,,246.232,3,,,"direct_rotation",true,true,""
"McClureDickey2007_Q4_terminal","McClure-Griffiths & Dickey 2007","H I terminal velocities","binned terminal curve; n=33",7.1240939,,248.1229,3,,,"direct_rotation",true,true,""
"McClureDickey2007_Q4_terminal","McClure-Griffiths & Dickey 2007","H I terminal velocities","binned terminal curve; n=36",7.2747639,,248.87749,3.0437199,,,"direct_rotation",true,true,""
"McClureDickey2007_Q4_terminal","McClure-Griffiths & Dickey 2007","H I terminal velocities","binned terminal curve; n=39",7.4252299,,247.12711,3,,,"direct_rotation",true,true,""
"McClureDickey2007_Q4_terminal","McClure-Griffiths & Dickey 2007","H I terminal velocities","binned terminal curve; n=42",7.5729208,,246.03101,3,,,"direct_rotation",true,true,""
"McClureDickey2007_Q4_terminal","McClure-Griffiths & Dickey 2007","H I terminal velocities","binned terminal curve; n=10",7.6641894,,245.74741,3,,,"direct_rotation",true,true,""
"Eilers2019_original_Gaia","Eilers et al. 2019","APOGEE/Gaia giants","published circular speed",5.27,,226.83,5.262487,,,"direct_rotation",true,false,""
"Eilers2019_McGaugh2019_adjusted","Eilers et al. 2019; McGaugh 2019","APOGEE/Gaia giants","McGaugh-adjusted circular speed",5.27,,224.07,5.262487,,,"direct_rotation",true,true,""
"Eilers2019_original_Gaia","Eilers et al. 2019","APOGEE/Gaia giants","published circular speed",5.74,,230.8,5.05919,,,"direct_rotation",true,false,""
"Eilers2019_McGaugh2019_adjusted","Eilers et al. 2019; McGaugh 2019","APOGEE/Gaia giants","McGaugh-adjusted circular speed",5.74,,234.544,5.05919,,,"direct_rotation",true,true,""
"Eilers2019_original_Gaia","Eilers et al. 2019","APOGEE/Gaia giants","published circular speed",6.23,,231.2,4.800251,,,"direct_rotation",true,false,""
"Eilers2019_McGaugh2019_adjusted","Eilers et al. 2019; McGaugh 2019","APOGEE/Gaia giants","McGaugh-adjusted circular speed",6.23,,241.988,4.800251,,,"direct_rotation",true,true,""
"Eilers2019_original_Gaia","Eilers et al. 2019","APOGEE/Gaia giants","published circular speed",6.73,,229.88,3.646355,,,"direct_rotation",true,false,""
"Eilers2019_McGaugh2019_adjusted","Eilers et al. 2019; McGaugh 2019","APOGEE/Gaia giants","McGaugh-adjusted circular speed",6.73,,237.844,3.646355,,,"direct_rotation",true,true,""
"Eilers2019_original_Gaia","Eilers et al. 2019","APOGEE/Gaia giants","published circular speed",7.22,,229.61,4.807216,,,"direct_rotation",true,false,""
"Eilers2019_McGaugh2019_adjusted","Eilers et al. 2019; McGaugh 2019","APOGEE/Gaia giants","McGaugh-adjusted circular speed",7.22,,247.547,4.807216,,,"direct_rotation",true,true,""
"Eilers2019_original_Gaia","Eilers et al. 2019","APOGEE/Gaia giants","published circular speed",7.82,,229.91,3.15389,,,"direct_rotation",true,false,""
"Eilers2019_McGaugh2019_adjusted","Eilers et al. 2019; McGaugh 2019","APOGEE/Gaia giants","McGaugh-adjusted circular speed",7.82,,238.075,3.15389,,,"direct_rotation",true,true,""
"Eilers2019_original_Gaia","Eilers et al. 2019","APOGEE/Gaia giants","published circular speed",8.19,,228.86,1.703556,,,"direct_rotation",true,false,""
"Eilers2019_McGaugh2019_adjusted","Eilers et al. 2019; McGaugh 2019","APOGEE/Gaia giants","McGaugh-adjusted circular speed",8.19,,230.494,1.703556,,,"direct_rotation",true,true,""
"Eilers2019_original_Gaia","Eilers et al. 2019","APOGEE/Gaia giants","published circular speed",8.78,,226.5,2.254196,,,"direct_rotation",true,false,""
"Eilers2019_McGaugh2019_adjusted","Eilers et al. 2019; McGaugh 2019","APOGEE/Gaia giants","McGaugh-adjusted circular speed",8.78,,231.252,2.254196,,,"direct_rotation",true,true,""
"Eilers2019_original_Gaia","Eilers et al. 2019","APOGEE/Gaia giants","published circular speed",9.27,,226.2,0.72,,,"direct_rotation",true,false,""
"Eilers2019_McGaugh2019_adjusted","Eilers et al. 2019; McGaugh 2019","APOGEE/Gaia giants","McGaugh-adjusted circular speed",9.27,,232.204,0.72,,,"direct_rotation",true,true,""
"Eilers2019_original_Gaia","Eilers et al. 2019","APOGEE/Gaia giants","published circular speed",9.76,,225.94,0.42,,,"direct_rotation",true,false,""
"Eilers2019_McGaugh2019_adjusted","Eilers et al. 2019; McGaugh 2019","APOGEE/Gaia giants","McGaugh-adjusted circular speed",9.76,,231.763,0.42,,,"direct_rotation",true,true,""
"Eilers2019_original_Gaia","Eilers et al. 2019","APOGEE/Gaia giants","published circular speed",10.26,,225.68,0.44,,,"direct_rotation",true,false,""
"Eilers2019_McGaugh2019_adjusted","Eilers et al. 2019; McGaugh 2019","APOGEE/Gaia giants","McGaugh-adjusted circular speed",10.26,,230.824,0.44,,,"direct_rotation",true,true,""
"Eilers2019_original_Gaia","Eilers et al. 2019","APOGEE/Gaia giants","published circular speed",10.75,,224.73,0.38,,,"direct_rotation",true,false,""
"Eilers2019_McGaugh2019_adjusted","Eilers et al. 2019; McGaugh 2019","APOGEE/Gaia giants","McGaugh-adjusted circular speed",10.75,,229.258,0.38,,,"direct_rotation",true,true,""
"Eilers2019_original_Gaia","Eilers et al. 2019","APOGEE/Gaia giants","published circular speed",11.25,,224.02,0.33,,,"direct_rotation",true,false,""
"Eilers2019_McGaugh2019_adjusted","Eilers et al. 2019; McGaugh 2019","APOGEE/Gaia giants","McGaugh-adjusted circular speed",11.25,,227.103,0.33,,,"direct_rotation",true,true,""
"Eilers2019_original_Gaia","Eilers et al. 2019","APOGEE/Gaia giants","published circular speed",11.75,,223.86,0.4,,,"direct_rotation",true,false,""
"Eilers2019_McGaugh2019_adjusted","Eilers et al. 2019; McGaugh 2019","APOGEE/Gaia giants","McGaugh-adjusted circular speed",11.75,,226.952,0.4,,,"direct_rotation",true,true,""
"Eilers2019_original_Gaia","Eilers et al. 2019","APOGEE/Gaia giants","published circular speed",12.25,,222.23,0.51,,,"direct_rotation",true,false,""
"Eilers2019_McGaugh2019_adjusted","Eilers et al. 2019; McGaugh 2019","APOGEE/Gaia giants","McGaugh-adjusted circular speed",12.25,,225.318,0.51,,,"direct_rotation",true,true,""
"Eilers2019_original_Gaia","Eilers et al. 2019","APOGEE/Gaia giants","published circular speed",12.74,,220.77,0.54,,,"direct_rotation",true,false,""
"Eilers2019_McGaugh2019_adjusted","Eilers et al. 2019; McGaugh 2019","APOGEE/Gaia giants","McGaugh-adjusted circular speed",12.74,,223.86,0.54,,,"direct_rotation",true,true,""
"Eilers2019_original_Gaia","Eilers et al. 2019","APOGEE/Gaia giants","published circular speed",13.23,,220.92,0.57,,,"direct_rotation",true,false,""
"Eilers2019_McGaugh2019_adjusted","Eilers et al. 2019; McGaugh 2019","APOGEE/Gaia giants","McGaugh-adjusted circular speed",13.23,,224.035,0.57,,,"direct_rotation",true,true,""
"Eilers2019_original_Gaia","Eilers et al. 2019","APOGEE/Gaia giants","published circular speed",13.74,,217.47,0.64,,,"direct_rotation",true,false,""
"Eilers2019_McGaugh2019_adjusted","Eilers et al. 2019; McGaugh 2019","APOGEE/Gaia giants","McGaugh-adjusted circular speed",13.74,,220.572,0.64,,,"direct_rotation",true,true,""
"Eilers2019_original_Gaia","Eilers et al. 2019","APOGEE/Gaia giants","published circular speed",14.24,,217.31,0.77,,,"direct_rotation",true,false,""
"Eilers2019_McGaugh2019_adjusted","Eilers et al. 2019; McGaugh 2019","APOGEE/Gaia giants","McGaugh-adjusted circular speed",14.24,,220.441,0.77,,,"direct_rotation",true,true,""
"Eilers2019_original_Gaia","Eilers et al. 2019","APOGEE/Gaia giants","published circular speed",14.74,,217.6,0.65,,,"direct_rotation",true,false,""
"Eilers2019_McGaugh2019_adjusted","Eilers et al. 2019; McGaugh 2019","APOGEE/Gaia giants","McGaugh-adjusted circular speed",14.74,,220.768,0.65,,,"direct_rotation",true,true,""
"Eilers2019_original_Gaia","Eilers et al. 2019","APOGEE/Gaia giants","published circular speed",15.22,,217.07,1.06,,,"direct_rotation",true,false,""
"Eilers2019_McGaugh2019_adjusted","Eilers et al. 2019; McGaugh 2019","APOGEE/Gaia giants","McGaugh-adjusted circular speed",15.22,,220.266,1.06,,,"direct_rotation",true,true,""
"Eilers2019_original_Gaia","Eilers et al. 2019","APOGEE/Gaia giants","published circular speed",15.74,,217.38,0.84,,,"direct_rotation",true,false,""
"Eilers2019_McGaugh2019_adjusted","Eilers et al. 2019; McGaugh 2019","APOGEE/Gaia giants","McGaugh-adjusted circular speed",15.74,,220.62,0.84,,,"direct_rotation",true,true,""
"Eilers2019_original_Gaia","Eilers et al. 2019","APOGEE/Gaia giants","published circular speed",16.24,,216.14,1.2,,,"direct_rotation",true,false,""
"Eilers2019_McGaugh2019_adjusted","Eilers et al. 2019; McGaugh 2019","APOGEE/Gaia giants","McGaugh-adjusted circular speed",16.24,,219.406,1.2,,,"direct_rotation",true,true,""
"Eilers2019_original_Gaia","Eilers et al. 2019","APOGEE/Gaia giants","published circular speed",16.74,,212.52,1.39,,,"direct_rotation",true,false,""
"Eilers2019_McGaugh2019_adjusted","Eilers et al. 2019; McGaugh 2019","APOGEE/Gaia giants","McGaugh-adjusted circular speed",16.74,,215.787,1.39,,,"direct_rotation",true,true,""
"Eilers2019_original_Gaia","Eilers et al. 2019","APOGEE/Gaia giants","published circular speed",17.25,,216.41,1.44,,,"direct_rotation",true,false,""
"Eilers2019_McGaugh2019_adjusted","Eilers et al. 2019; McGaugh 2019","APOGEE/Gaia giants","McGaugh-adjusted circular speed",17.25,,219.765,1.44,,,"direct_rotation",true,true,""
"Eilers2019_original_Gaia","Eilers et al. 2019","APOGEE/Gaia giants","published circular speed",17.75,,213.7,2.22,,,"direct_rotation",true,false,""
"Eilers2019_McGaugh2019_adjusted","Eilers et al. 2019; McGaugh 2019","APOGEE/Gaia giants","McGaugh-adjusted circular speed",17.75,,217.07,2.22,,,"direct_rotation",true,true,""
"Eilers2019_original_Gaia","Eilers et al. 2019","APOGEE/Gaia giants","published circular speed",18.24,,207.89,1.76,,,"direct_rotation",true,false,""
"Eilers2019_McGaugh2019_adjusted","Eilers et al. 2019; McGaugh 2019","APOGEE/Gaia giants","McGaugh-adjusted circular speed",18.24,,211.24,1.76,,,"direct_rotation",true,true,""
"Eilers2019_original_Gaia","Eilers et al. 2019","APOGEE/Gaia giants","published circular speed",18.74,,209.6,2.31,,,"direct_rotation",true,false,""
"Eilers2019_McGaugh2019_adjusted","Eilers et al. 2019; McGaugh 2019","APOGEE/Gaia giants","McGaugh-adjusted circular speed",18.74,,213.017,2.31,,,"direct_rotation",true,true,""
"Eilers2019_original_Gaia","Eilers et al. 2019","APOGEE/Gaia giants","published circular speed",19.22,,206.45,2.54,,,"direct_rotation",true,false,""
"Eilers2019_McGaugh2019_adjusted","Eilers et al. 2019; McGaugh 2019","APOGEE/Gaia giants","McGaugh-adjusted circular speed",19.22,,209.879,2.54,,,"direct_rotation",true,true,""
"Eilers2019_original_Gaia","Eilers et al. 2019","APOGEE/Gaia giants","published circular speed",19.71,,201.91,2.99,,,"direct_rotation",true,false,""
"Eilers2019_McGaugh2019_adjusted","Eilers et al. 2019; McGaugh 2019","APOGEE/Gaia giants","McGaugh-adjusted circular speed",19.71,,205.337,2.99,,,"direct_rotation",true,true,""
"Eilers2019_original_Gaia","Eilers et al. 2019","APOGEE/Gaia giants","published circular speed",20.27,,199.84,3.15,,,"direct_rotation",true,false,""
"Eilers2019_McGaugh2019_adjusted","Eilers et al. 2019; McGaugh 2019","APOGEE/Gaia giants","McGaugh-adjusted circular speed",20.27,,203.301,3.15,,,"direct_rotation",true,true,""
"Eilers2019_original_Gaia","Eilers et al. 2019","APOGEE/Gaia giants","published circular speed",20.78,,198.14,3.33,,,"direct_rotation",true,false,""
"Eilers2019_McGaugh2019_adjusted","Eilers et al. 2019; McGaugh 2019","APOGEE/Gaia giants","McGaugh-adjusted circular speed",20.78,,201.635,3.33,,,"direct_rotation",true,true,""
"Eilers2019_original_Gaia","Eilers et al. 2019","APOGEE/Gaia giants","published circular speed",21.24,,195.3,5.99,,,"direct_rotation",true,false,""
"Eilers2019_McGaugh2019_adjusted","Eilers et al. 2019; McGaugh 2019","APOGEE/Gaia giants","McGaugh-adjusted circular speed",21.24,,198.811,5.99,,,"direct_rotation",true,true,""
"Eilers2019_original_Gaia","Eilers et al. 2019","APOGEE/Gaia giants","published circular speed",21.8,,213.67,15.38,,,"direct_rotation",true,false,""
"Eilers2019_McGaugh2019_adjusted","Eilers et al. 2019; McGaugh 2019","APOGEE/Gaia giants","McGaugh-adjusted circular speed",21.8,,217.425,15.38,,,"direct_rotation",true,true,""
"Eilers2019_original_Gaia","Eilers et al. 2019","APOGEE/Gaia giants","published circular speed",22.14,,176.97,28.58,,,"direct_rotation",true,false,""
"Eilers2019_McGaugh2019_adjusted","Eilers et al. 2019; McGaugh 2019","APOGEE/Gaia giants","McGaugh-adjusted circular speed",22.14,,180.357,28.58,,,"direct_rotation",true,true,""
"Eilers2019_original_Gaia","Eilers et al. 2019","APOGEE/Gaia giants","published circular speed",22.73,,193.11,27.64,,,"direct_rotation",true,false,""
"Eilers2019_McGaugh2019_adjusted","Eilers et al. 2019; McGaugh 2019","APOGEE/Gaia giants","McGaugh-adjusted circular speed",22.73,,196.755,27.64,,,"direct_rotation",true,true,""
"Eilers2019_original_Gaia","Eilers et al. 2019","APOGEE/Gaia giants","published circular speed",23.66,,176.63,18.67,,,"direct_rotation",true,false,""
"Eilers2019_McGaugh2019_adjusted","Eilers et al. 2019; McGaugh 2019","APOGEE/Gaia giants","McGaugh-adjusted circular speed",23.66,,180.188,18.67,,,"direct_rotation",true,true,""
"Eilers2019_original_Gaia","Eilers et al. 2019","APOGEE/Gaia giants","published circular speed",24.82,,198.42,6.5,,,"direct_rotation",true,false,""
"Eilers2019_McGaugh2019_adjusted","Eilers et al. 2019; McGaugh 2019","APOGEE/Gaia giants","McGaugh-adjusted circular speed",24.82,,202.332,6.5,,,"direct_rotation",true,true,""
"Feng2026_Cepheids","Feng et al. 2026","Gaia DR3 classical Cepheids","binned circular speed",6.58,,242.92,1.25,,,"direct_rotation",true,true,""
"Feng2026_Cepheids","Feng et al. 2026","Gaia DR3 classical Cepheids","binned circular speed",7.49,,239.31,1.33,,,"direct_rotation",true,true,""
"Feng2026_Cepheids","Feng et al. 2026","Gaia DR3 classical Cepheids","binned circular speed",8.48,,236.54,0.86,,,"direct_rotation",true,true,""
"Feng2026_Cepheids","Feng et al. 2026","Gaia DR3 classical Cepheids","binned circular speed",9.5,,232.36,1.32,,,"direct_rotation",true,true,""
"Feng2026_Cepheids","Feng et al. 2026","Gaia DR3 classical Cepheids","binned circular speed",10.52,,229.97,1.13,,,"direct_rotation",true,true,""
"Feng2026_Cepheids","Feng et al. 2026","Gaia DR3 classical Cepheids","binned circular speed",11.42,,233.57,1.39,,,"direct_rotation",true,true,""
"Feng2026_Cepheids","Feng et al. 2026","Gaia DR3 classical Cepheids","binned circular speed",12.5,,233.38,1.3,,,"direct_rotation",true,true,""
"Feng2026_Cepheids","Feng et al. 2026","Gaia DR3 classical Cepheids","binned circular speed",13.5,,237.05,1.53,,,"direct_rotation",true,true,""
"Feng2026_Cepheids","Feng et al. 2026","Gaia DR3 classical Cepheids","binned circular speed",14.46,,237.11,1.31,,,"direct_rotation",true,true,""
"Feng2026_Cepheids","Feng et al. 2026","Gaia DR3 classical Cepheids","binned circular speed",15.21,,237,2.22,,,"direct_rotation",true,true,""
"Feng2026_Cepheids","Feng et al. 2026","Gaia DR3 classical Cepheids","binned circular speed",15.88,,231.03,1.95,,,"direct_rotation",true,true,""
"Feng2026_Cepheids","Feng et al. 2026","Gaia DR3 classical Cepheids","binned circular speed",17.58,,224.03,1.91,,,"direct_rotation",true,true,""
"Watkins2019_M39p5","Watkins et al. 2019","globular clusters","enclosed mass converted to circular speed",39.5,,213.84871,16.547817,4.2e+11,6.5e+10,"enclosed_mass",true,false,""
"Deason2021_M100","Deason et al. 2021","halo stars","enclosed mass converted to circular speed",100,,161.57527,16.560359,6.07e+11,1.2442669e+11,"enclosed_mass",true,false,""
"Bird2022_KG_Jeans_M73","Bird et al. 2022","K giants","Jeans M(<R)",73,,159.16711,20.795558,4.3e+11,1.1236103e+11,"bird2022_mass",true,false,"Only summary table values are used; the full binned Fig. 6 profile is not tabulated in the article text."
"Bird2022_BHB_Jeans_M52","Bird et al. 2022","BHB stars","Jeans M(<R)",52,,184.14961,30.129589,4.1e+11,1.3416408e+11,"bird2022_mass",true,false,"Only summary table values are used; the full binned Fig. 6 profile is not tabulated in the article text."
"Bird2022_KG_TME_M73","Bird et al. 2022","K giants","TME M(<R)",73,,159.16711,23.190212,4.3e+11,1.2529964e+11,"bird2022_mass",true,false,"Only summary table values are used; the full binned Fig. 6 profile is not tabulated in the article text."
"Bird2022_BHB_TME_M52","Bird et al. 2022","BHB stars","TME M(<R)",52,,172.55602,40.174528,3.6e+11,1.6763055e+11,"bird2022_mass",true,false,"Only summary table values are used; the full binned Fig. 6 profile is not tabulated in the article text."
"Bird2022_KG_Jeans_M200","Bird et al. 2022","K giants","Jeans M200 converted at r200",173,13,116.93347,17.013273,5.5e+11,1.5461639e+11,"bird2022_mass",true,false,"Only summary table values are used; the full binned Fig. 6 profile is not tabulated in the article text."
"Bird2022_BHB_Jeans_M200","Bird et al. 2022","BHB stars","Jeans M200 converted at r200",211,38,142.77077,39.589929,1e+12,5.2453857e+11,"bird2022_mass",true,false,"Only summary table values are used; the full binned Fig. 6 profile is not tabulated in the article text."
"Bird2022_KG_TME_M200","Bird et al. 2022","K giants","TME M200 converted at r200",162,5,110.5101,5.2686134,4.6e+11,4.15e+10,"bird2022_mass",true,false,"Only summary table values are used; the full binned Fig. 6 profile is not tabulated in the article text."
"Bird2022_BHB_TME_M200","Bird et al. 2022","BHB stars","TME M200 converted at r200",185,17,124.80503,17.278448,6.7e+11,1.75e+11,"bird2022_mass",true,false,"Only summary table values are used; the full binned Fig. 6 profile is not tabulated in the article text."
"Bird2022_digitized_KG_Jeans_R11","Bird et al. 2022 Fig. 6","K giants","digitized Fig. 6 Jeans",11,,213,19,,,"bird2022_digitized_fig6",true,false,"Approximate digitization from arXiv source figure rgc-vcirc-lamost-sdss-Wang2020.pdf; not a published numeric table."
"Bird2022_digitized_KG_Jeans_R19","Bird et al. 2022 Fig. 6","K giants","digitized Fig. 6 Jeans",19,,207,17,,,"bird2022_digitized_fig6",true,false,"Approximate digitization from arXiv source figure rgc-vcirc-lamost-sdss-Wang2020.pdf; not a published numeric table."
"Bird2022_digitized_KG_Jeans_R29","Bird et al. 2022 Fig. 6","K giants","digitized Fig. 6 Jeans",29,,201,15,,,"bird2022_digitized_fig6",true,false,"Approximate digitization from arXiv source figure rgc-vcirc-lamost-sdss-Wang2020.pdf; not a published numeric table."
"Bird2022_digitized_KG_Jeans_R39","Bird et al. 2022 Fig. 6","K giants","digitized Fig. 6 Jeans",39,,195,18,,,"bird2022_digitized_fig6",true,false,"Approximate digitization from arXiv source figure rgc-vcirc-lamost-sdss-Wang2020.pdf; not a published numeric table."
"Bird2022_digitized_KG_Jeans_R49","Bird et al. 2022 Fig. 6","K giants","digitized Fig. 6 Jeans",49,,171,20,,,"bird2022_digitized_fig6",true,false,"Approximate digitization from arXiv source figure rgc-vcirc-lamost-sdss-Wang2020.pdf; not a published numeric table."
"Bird2022_digitized_KG_Jeans_R59","Bird et al. 2022 Fig. 6","K giants","digitized Fig. 6 Jeans",59,,159,19,,,"bird2022_digitized_fig6",true,false,"Approximate digitization from arXiv source figure rgc-vcirc-lamost-sdss-Wang2020.pdf; not a published numeric table."
"Bird2022_digitized_KG_Jeans_R73","Bird et al. 2022 Fig. 6","K giants","digitized Fig. 6 Jeans",73,,157,19,,,"bird2022_digitized_fig6",true,false,"Approximate digitization from arXiv source figure rgc-vcirc-lamost-sdss-Wang2020.pdf; not a published numeric table."
"Bird2022_digitized_KG_TME_R9","Bird et al. 2022 Fig. 6","K giants","digitized Fig. 6 TME",9,,240,14,,,"bird2022_digitized_fig6",true,false,"Approximate digitization from arXiv source figure rgc-vcirc-lamost-sdss-Wang2020.pdf; not a published numeric table."
"Bird2022_digitized_KG_TME_R19","Bird et al. 2022 Fig. 6","K giants","digitized Fig. 6 TME",19,,218,15,,,"bird2022_digitized_fig6",true,false,"Approximate digitization from arXiv source figure rgc-vcirc-lamost-sdss-Wang2020.pdf; not a published numeric table."
"Bird2022_digitized_KG_TME_R29","Bird et al. 2022 Fig. 6","K giants","digitized Fig. 6 TME",29,,199,17,,,"bird2022_digitized_fig6",true,false,"Approximate digitization from arXiv source figure rgc-vcirc-lamost-sdss-Wang2020.pdf; not a published numeric table."
"Bird2022_digitized_KG_TME_R39","Bird et al. 2022 Fig. 6","K giants","digitized Fig. 6 TME",39,,180,18,,,"bird2022_digitized_fig6",true,false,"Approximate digitization from arXiv source figure rgc-vcirc-lamost-sdss-Wang2020.pdf; not a published numeric table."
"Bird2022_digitized_KG_TME_R49","Bird et al. 2022 Fig. 6","K giants","digitized Fig. 6 TME",49,,147,15,,,"bird2022_digitized_fig6",true,false,"Approximate digitization from arXiv source figure rgc-vcirc-lamost-sdss-Wang2020.pdf; not a published numeric table."
"Bird2022_digitized_KG_TME_R59","Bird et al. 2022 Fig. 6","K giants","digitized Fig. 6 TME",59,,134,16,,,"bird2022_digitized_fig6",true,false,"Approximate digitization from arXiv source figure rgc-vcirc-lamost-sdss-Wang2020.pdf; not a published numeric table."
"Bird2022_digitized_BHB_Jeans_R6","Bird et al. 2022 Fig. 6","BHB stars","digitized Fig. 6 Jeans",6,,218,25,,,"bird2022_digitized_fig6",true,false,"Approximate digitization from arXiv source figure rgc-vcirc-lamost-sdss-Wang2020.pdf; not a published numeric table."
"Bird2022_digitized_BHB_Jeans_R8","Bird et al. 2022 Fig. 6","BHB stars","digitized Fig. 6 Jeans",8,,217,29,,,"bird2022_digitized_fig6",true,false,"Approximate digitization from arXiv source figure rgc-vcirc-lamost-sdss-Wang2020.pdf; not a published numeric table."
"Bird2022_digitized_BHB_Jeans_R11","Bird et al. 2022 Fig. 6","BHB stars","digitized Fig. 6 Jeans",11,,212,24,,,"bird2022_digitized_fig6",true,false,"Approximate digitization from arXiv source figure rgc-vcirc-lamost-sdss-Wang2020.pdf; not a published numeric table."
"Bird2022_digitized_BHB_Jeans_R16","Bird et al. 2022 Fig. 6","BHB stars","digitized Fig. 6 Jeans",16,,204,20,,,"bird2022_digitized_fig6",true,false,"Approximate digitization from arXiv source figure rgc-vcirc-lamost-sdss-Wang2020.pdf; not a published numeric table."
"Bird2022_digitized_BHB_Jeans_R22","Bird et al. 2022 Fig. 6","BHB stars","digitized Fig. 6 Jeans",22,,198,19,,,"bird2022_digitized_fig6",true,false,"Approximate digitization from arXiv source figure rgc-vcirc-lamost-sdss-Wang2020.pdf; not a published numeric table."
"Bird2022_digitized_BHB_Jeans_R33","Bird et al. 2022 Fig. 6","BHB stars","digitized Fig. 6 Jeans",33,,178,25,,,"bird2022_digitized_fig6",true,false,"Approximate digitization from arXiv source figure rgc-vcirc-lamost-sdss-Wang2020.pdf; not a published numeric table."
"Bird2022_digitized_BHB_Jeans_R38","Bird et al. 2022 Fig. 6","BHB stars","digitized Fig. 6 Jeans",38,,214,26,,,"bird2022_digitized_fig6",true,false,"Approximate digitization from arXiv source figure rgc-vcirc-lamost-sdss-Wang2020.pdf; not a published numeric table."
"Bird2022_digitized_BHB_Jeans_R46","Bird et al. 2022 Fig. 6","BHB stars","digitized Fig. 6 Jeans",46,,188,22,,,"bird2022_digitized_fig6",true,false,"Approximate digitization from arXiv source figure rgc-vcirc-lamost-sdss-Wang2020.pdf; not a published numeric table."
"Bird2022_digitized_BHB_Jeans_R52","Bird et al. 2022 Fig. 6","BHB stars","digitized Fig. 6 Jeans",52,,181,48,,,"bird2022_digitized_fig6",true,false,"Approximate digitization from arXiv source figure rgc-vcirc-lamost-sdss-Wang2020.pdf; not a published numeric table."
"Bird2022_digitized_BHB_TME_R6","Bird et al. 2022 Fig. 6","BHB stars","digitized Fig. 6 TME",6,,236,20,,,"bird2022_digitized_fig6",true,false,"Approximate digitization from arXiv source figure rgc-vcirc-lamost-sdss-Wang2020.pdf; not a published numeric table."
"Bird2022_digitized_BHB_TME_R8","Bird et al. 2022 Fig. 6","BHB stars","digitized Fig. 6 TME",8,,240,19,,,"bird2022_digitized_fig6",true,false,"Approximate digitization from arXiv source figure rgc-vcirc-lamost-sdss-Wang2020.pdf; not a published numeric table."
"Bird2022_digitized_BHB_TME_R10","Bird et al. 2022 Fig. 6","BHB stars","digitized Fig. 6 TME",10,,238,18,,,"bird2022_digitized_fig6",true,false,"Approximate digitization from arXiv source figure rgc-vcirc-lamost-sdss-Wang2020.pdf; not a published numeric table."
"Bird2022_digitized_BHB_TME_R16","Bird et al. 2022 Fig. 6","BHB stars","digitized Fig. 6 TME",16,,222,16,,,"bird2022_digitized_fig6",true,false,"Approximate digitization from arXiv source figure rgc-vcirc-lamost-sdss-Wang2020.pdf; not a published numeric table."
"Bird2022_digitized_BHB_TME_R22","Bird et al. 2022 Fig. 6","BHB stars","digitized Fig. 6 TME",22,,213,24,,,"bird2022_digitized_fig6",true,false,"Approximate digitization from arXiv source figure rgc-vcirc-lamost-sdss-Wang2020.pdf; not a published numeric table."
"Bird2022_digitized_BHB_TME_R27","Bird et al. 2022 Fig. 6","BHB stars","digitized Fig. 6 TME",27,,211,16,,,"bird2022_digitized_fig6",true,false,"Approximate digitization from arXiv source figure rgc-vcirc-lamost-sdss-Wang2020.pdf; not a published numeric table."
"Bird2022_digitized_BHB_TME_R38","Bird et al. 2022 Fig. 6","BHB stars","digitized Fig. 6 TME",38,,218,24,,,"bird2022_digitized_fig6",true,false,"Approximate digitization from arXiv source figure rgc-vcirc-lamost-sdss-Wang2020.pdf; not a published numeric table."
"Bird2022_digitized_BHB_TME_R52","Bird et al. 2022 Fig. 6","BHB stars","digitized Fig. 6 TME",52,,171,38,,,"bird2022_digitized_fig6",true,false,"Approximate digitization from arXiv source figure rgc-vcirc-lamost-sdss-Wang2020.pdf; not a published numeric table."
"Wang2020_Kafle2012_M60","Wang et al. 2020 Table A1","heterogeneous literature compilation","enclosed mass converted to circular speed",60,,169.33039,14.816409,4e+11,7e+10,"wang2020_compilation_not_fit",true,false,"Secondary compilation; original source encoded in label and in Wang et al. 2020 Table A1."
"Wang2020_Kafle2012_M80","Wang et al. 2020 Table A1","heterogeneous literature compilation","enclosed mass converted to circular speed",80,,192.60169,29.308953,6.9e+11,2.1e+11,"wang2020_compilation_not_fit",true,false,"Secondary compilation; original source encoded in label and in Wang et al. 2020 Table A1."
"Wang2020_Kafle2012_M100","Wang et al. 2020 Table A1","heterogeneous literature compilation","enclosed mass converted to circular speed",100,,172.26819,23.718084,6.9e+11,1.9e+11,"wang2020_compilation_not_fit",true,false,"Secondary compilation; original source encoded in label and in Wang et al. 2020 Table A1."
"Wang2020_Kafle2012_M200","Wang et al. 2020 Table A1","heterogeneous literature compilation","enclosed mass converted to circular speed",200,,146.64442,16.864108,1e+12,2.3e+11,"wang2020_compilation_not_fit",true,false,"Secondary compilation; original source encoded in label and in Wang et al. 2020 Table A1."
"Wang2020_Kafle2012_M300","Wang et al. 2020 Table A1","heterogeneous literature compilation","enclosed mass converted to circular speed",300,,142.17704,15.629391,1.41e+12,3.1e+11,"wang2020_compilation_not_fit",true,false,"Secondary compilation; original source encoded in label and in Wang et al. 2020 Table A1."
"Wang2020_Zhai2018_M120","Wang et al. 2020 Table A1","heterogeneous literature compilation","enclosed mass converted to circular speed",120,,139.11911,21.898379,5.4e+11,1.7e+11,"wang2020_compilation_not_fit",true,false,"Secondary compilation; original source encoded in label and in Wang et al. 2020 Table A1."
"Wang2020_Bhattacharjee2014_M50","Wang et al. 2020 Table A1","heterogeneous literature compilation","enclosed mass converted to circular speed",50,,196.74414,54.651149,4.5e+11,2.5e+11,"wang2020_compilation_not_fit",true,false,"Secondary compilation; original source encoded in label and in Wang et al. 2020 Table A1."
"Wang2020_Bhattacharjee2014_M100","Wang et al. 2020 Table A1","heterogeneous literature compilation","enclosed mass converted to circular speed",100,,169.75319,57.640076,6.7e+11,4.55e+11,"wang2020_compilation_not_fit",true,false,"Secondary compilation; original source encoded in label and in Wang et al. 2020 Table A1."
"Wang2020_Deason2012b_M50","Wang et al. 2020 Table A1","heterogeneous literature compilation","enclosed mass converted to circular speed",50,,203.19647,33.866078,4.8e+11,1.6e+11,"wang2020_compilation_not_fit",true,false,"Secondary compilation; original source encoded in label and in Wang et al. 2020 Table A1."
"Wang2020_Deason2012b_M100","Wang et al. 2020 Table A1","heterogeneous literature compilation","enclosed mass converted to circular speed",100,,186.64788,48.39019,8.1e+11,4.2e+11,"wang2020_compilation_not_fit",true,false,"Secondary compilation; original source encoded in label and in Wang et al. 2020 Table A1."
"Wang2020_Huang2016_M50","Wang et al. 2020 Table A1","heterogeneous literature compilation","enclosed mass converted to circular speed",50,,198.91817,6.4864621,4.6e+11,3e+10,"wang2020_compilation_not_fit",true,false,"Secondary compilation; original source encoded in label and in Wang et al. 2020 Table A1."
"Wang2020_Huang2016_M100","Wang et al. 2020 Table A1","heterogeneous literature compilation","enclosed mass converted to circular speed",100,,184.32918,8.1664826,7.9e+11,7e+10,"wang2020_compilation_not_fit",true,false,"Secondary compilation; original source encoded in label and in Wang et al. 2020 Table A1."
"Wang2020_Huang2016_M200","Wang et al. 2020 Table A1","heterogeneous literature compilation","enclosed mass converted to circular speed",200,,160.64092,10.040057,1.2e+12,1.5e+11,"wang2020_compilation_not_fit",true,false,"Secondary compilation; original source encoded in label and in Wang et al. 2020 Table A1."
"Wang2020_Deason2012_M50","Wang et al. 2020 Table A1","heterogeneous literature compilation","enclosed mass converted to circular speed",50,,263.95996,22.811354,8.1e+11,1.4e+11,"wang2020_compilation_not_fit",true,false,"High-v point (>250 km/s); original source is the named literature entry compiled in Wang et al. 2020 Table A1."
"Wang2020_Deason2012_M100","Wang et al. 2020 Table A1","heterogeneous literature compilation","enclosed mass converted to circular speed",100,,268.00246,36.910518,1.67e+12,4.6e+11,"wang2020_compilation_not_fit",true,false,"High-v point (>250 km/s); original source is the named literature entry compiled in Wang et al. 2020 Table A1."
"Wang2020_Deason2012_M200","Wang et al. 2020 Table A1","heterogeneous literature compilation","enclosed mass converted to circular speed",200,,253.99559,48.682488,3e+12,1.15e+12,"wang2020_compilation_not_fit",true,false,"High-v point (>250 km/s); original source is the named literature entry compiled in Wang et al. 2020 Table A1."
"Wang2020_Watkins2010_M50","Wang et al. 2020 Table A1","heterogeneous literature compilation","enclosed mass converted to circular speed",50,,215.5224,37.915978,5.4e+11,1.9e+11,"wang2020_compilation_not_fit",true,false,"Secondary compilation; original source encoded in label and in Wang et al. 2020 Table A1."
"Wang2020_Sakamoto2003_M50","Wang et al. 2020 Table A1","heterogeneous literature compilation","enclosed mass converted to circular speed",50,,190.07289,9.0510902,4.2e+11,4e+10,"wang2020_compilation_not_fit",true,false,"Secondary compilation; original source encoded in label and in Wang et al. 2020 Table A1."
"Wang2020_Eadie2015_M260","Wang et al. 2020 Table A1","heterogeneous literature compilation","enclosed mass converted to circular speed",260,,150.54078,6.5930267,1.37e+12,1.2e+11,"wang2020_compilation_not_fit",true,false,"Secondary compilation; original source encoded in label and in Wang et al. 2020 Table A1."
"Wang2020_Eadie2016_M125","Wang et al. 2020 Table A1","heterogeneous literature compilation","enclosed mass converted to circular speed",125,,134.01728,5.3914996,5.22e+11,4.2e+10,"wang2020_compilation_not_fit",true,false,"Secondary compilation; original source encoded in label and in Wang et al. 2020 Table A1."
"Wang2020_Eadie2017_M125","Wang et al. 2020 Table A1","heterogeneous literature compilation","enclosed mass converted to circular speed",125,,147.22983,12.853398,6.3e+11,1.1e+11,"wang2020_compilation_not_fit",true,false,"Secondary compilation; original source encoded in label and in Wang et al. 2020 Table A1."
"Wang2020_WilliamsEvans2015_M50","Wang et al. 2020 Table A1","heterogeneous literature compilation","enclosed mass converted to circular speed",50,,209.45013,24.641192,5.1e+11,1.2e+11,"wang2020_compilation_not_fit",true,false,"Secondary compilation; original source encoded in label and in Wang et al. 2020 Table A1."
"Wang2020_EadieJuric2019_M25","Wang et al. 2020 Table A1","heterogeneous literature compilation","enclosed mass converted to circular speed",25,,211.49359,32.537476,2.6e+11,8e+10,"wang2020_compilation_not_fit",true,false,"Secondary compilation; original source encoded in label and in Wang et al. 2020 Table A1."
"Wang2020_EadieJuric2019_M50","Wang et al. 2020 Table A1","heterogeneous literature compilation","enclosed mass converted to circular speed",50,,178.40064,26.519014,3.7e+11,1.1e+11,"wang2020_compilation_not_fit",true,false,"Secondary compilation; original source encoded in label and in Wang et al. 2020 Table A1."
"Wang2020_EadieJuric2019_M100","Wang et al. 2020 Table A1","heterogeneous literature compilation","enclosed mass converted to circular speed",100,,150.97967,23.501553,5.3e+11,1.65e+11,"wang2020_compilation_not_fit",true,false,"Secondary compilation; original source encoded in label and in Wang et al. 2020 Table A1."
"Wang2020_Vasiliev2019_M50","Wang et al. 2020 Table A1","heterogeneous literature compilation","enclosed mass converted to circular speed",50,,215.5224,18.957989,5.4e+11,9.5e+10,"wang2020_compilation_not_fit",true,false,"Secondary compilation; original source encoded in label and in Wang et al. 2020 Table A1."
"Wang2020_Vasiliev2019_M100","Wang et al. 2020 Table A1","heterogeneous literature compilation","enclosed mass converted to circular speed",100,,191.20093,29.804851,8.5e+11,2.65e+11,"wang2020_compilation_not_fit",true,false,"Secondary compilation; original source encoded in label and in Wang et al. 2020 Table A1."
"Wang2020_Newberg2010_M50","Wang et al. 2020 Table A1","heterogeneous literature compilation","enclosed mass converted to circular speed",50,,157.94088,13.615593,2.9e+11,5e+10,"wang2020_compilation_not_fit",true,false,"Secondary compilation; original source encoded in label and in Wang et al. 2020 Table A1."
"Wang2020_Newberg2010_M100","Wang et al. 2020 Table A1","heterogeneous literature compilation","enclosed mass converted to circular speed",100,,132.79217,11.335917,4.1e+11,7e+10,"wang2020_compilation_not_fit",true,false,"Secondary compilation; original source encoded in label and in Wang et al. 2020 Table A1."
"Wang2020_Hendel2018_M50","Wang et al. 2020 Table A1","heterogeneous literature compilation","enclosed mass converted to circular speed",50,,180.79539,2.9736083,3.8e+11,1.25e+10,"wang2020_compilation_not_fit",true,false,"Secondary compilation; original source encoded in label and in Wang et al. 2020 Table A1."
"Wang2020_Erkal2019_M50","Wang et al. 2020 Table A1","heterogeneous literature compilation","enclosed mass converted to circular speed",50,,183.15882,27.004186,3.9e+11,1.15e+11,"wang2020_compilation_not_fit",true,false,"Secondary compilation; original source encoded in label and in Wang et al. 2020 Table A1."
"Wang2020_Fritz2020_M64","Wang et al. 2020 Table A1","heterogeneous literature compilation","enclosed mass converted to circular speed",64,,197.42609,24.678262,5.8e+11,1.45e+11,"wang2020_compilation_not_fit",true,false,"Secondary compilation; original source encoded in label and in Wang et al. 2020 Table A1."
"Wang2020_Fritz2020_M273","Wang et al. 2020 Table A1","heterogeneous literature compilation","enclosed mass converted to circular speed",273,,150.09535,17.581099,1.43e+12,3.35e+11,"wang2020_compilation_not_fit",true,false,"Secondary compilation; original source encoded in label and in Wang et al. 2020 Table A1."
