type,dataset,source_paper,tracer,method,R_kpc,z_kpc,vc_kms,sigma_vc_kms,Phi_kms2,sigma_Phi_kms2,sigma_z_kpc,in_chi2_fit
radial,Wang2026_rotation_curve,Wang et al. 2026,Gaia phase-space spiral,circular-speed inference,6.23,,227.56,13.73,,,,True
radial,Wang2026_rotation_curve,Wang et al. 2026,Gaia phase-space spiral,circular-speed inference,6.79,,227.74,14.25,,,,True
radial,Wang2026_rotation_curve,Wang et al. 2026,Gaia phase-space spiral,circular-speed inference,7.21,,231.82,14.48,,,,True
radial,Wang2026_rotation_curve,Wang et al. 2026,Gaia phase-space spiral,circular-speed inference,7.75,,231.14,14.91,,,,True
radial,Wang2026_rotation_curve,Wang et al. 2026,Gaia phase-space spiral,circular-speed inference,8.22,,237.28,15.44,,,,True
radial,Wang2026_rotation_curve,Wang et al. 2026,Gaia phase-space spiral,circular-speed inference,8.89,,241.44,16.11,,,,True
radial,Wang2026_rotation_curve,Wang et al. 2026,Gaia phase-space spiral,circular-speed inference,9.31,,240.33,16.34,,,,True
radial,Wang2026_rotation_curve,Wang et al. 2026,Gaia phase-space spiral,circular-speed inference,9.73,,238.46,16.53,,,,True
radial,Wang2026_rotation_curve,Wang et al. 2026,Gaia phase-space spiral,circular-speed inference,10.29,,237.9,16.94,,,,True
radial,Wang2026_rotation_curve,Wang et al. 2026,Gaia phase-space spiral,circular-speed inference,10.77,,236.31,17.24,,,,True
radial,Wang2026_rotation_curve,Wang et al. 2026,Gaia phase-space spiral,circular-speed inference,11.24,,234.92,17.54,,,,True
radial,Wang2026_rotation_curve,Wang et al. 2026,Gaia phase-space spiral,circular-speed inference,11.78,,234.51,18,,,,True
radial,Wang2026_rotation_curve,Wang et al. 2026,Gaia phase-space spiral,circular-speed inference,12.24,,233.8,18.39,,,,True
radial,Wang2026_rotation_curve,Wang et al. 2026,Gaia phase-space spiral,circular-speed inference,12.75,,231.21,18.69,,,,True
radial,Wang2026_rotation_curve,Wang et al. 2026,Gaia phase-space spiral,circular-speed inference,13.26,,229.88,19.11,,,,True
radial,Wang2026_rotation_curve,Wang et al. 2026,Gaia phase-space spiral,circular-speed inference,13.76,,227.32,19.45,,,,True
radial,Wang2026_rotation_curve,Wang et al. 2026,Gaia phase-space spiral,circular-speed inference,14.24,,224.91,19.8,,,,True
radial,Wang2026_rotation_curve,Wang et al. 2026,Gaia phase-space spiral,circular-speed inference,14.72,,223.29,20.24,,,,True
radial,Wang2026_rotation_curve,Wang et al. 2026,Gaia phase-space spiral,circular-speed inference,15.21,,220.41,20.6,,,,True
radial,Wang2026_rotation_curve,Wang et al. 2026,Gaia phase-space spiral,circular-speed inference,15.66,,221.13,21.27,,,,True
radial,Wang2026_rotation_curve,Wang et al. 2026,Gaia phase-space spiral,circular-speed inference,16.33,,218.37,21.96,,,,True
radial,Wang2026_rotation_curve,Wang et al. 2026,Gaia phase-space spiral,circular-speed inference,16.78,,217.71,22.55,,,,True
radial,Wang2026_rotation_curve,Wang et al. 2026,Gaia phase-space spiral,circular-speed inference,17.25,,217.99,23.34,,,,True
radial,Wang2026_rotation_curve,Wang et al. 2026,Gaia phase-space spiral,circular-speed inference,17.74,,214.01,23.75,,,,True
radial,Wang2026_rotation_curve,Wang et al. 2026,Gaia phase-space spiral,circular-speed inference,18.23,,216.89,24.87,,,,True
radial,Wang2026_rotation_curve,Wang et al. 2026,Gaia phase-space spiral,circular-speed inference,18.67,,212.7,25.17,,,,True
radial,Wang2026_rotation_curve,Wang et al. 2026,Gaia phase-space spiral,circular-speed inference,19.16,,210.39,25.82,,,,True
radial,Wang2026_rotation_curve,Wang et al. 2026,Gaia phase-space spiral,circular-speed inference,19.7,,209.15,26.74,,,,True
radial,Wang2026_rotation_curve,Wang et al. 2026,Gaia phase-space spiral,circular-speed inference,20.32,,203.71,27.31,,,,True
radial,Wang2026_rotation_curve,Wang et al. 2026,Gaia phase-space spiral,circular-speed inference,20.74,,199.96,27.69,,,,True
radial,Wang2026_rotation_curve,Wang et al. 2026,Gaia phase-space spiral,circular-speed inference,21.21,,205.05,29.52,,,,True
radial,Wang2026_rotation_curve,Wang et al. 2026,Gaia phase-space spiral,circular-speed inference,21.83,,197.98,30.16,,,,True
radial,Wang2026_rotation_curve,Wang et al. 2026,Gaia phase-space spiral,circular-speed inference,23.36,,191.53,33.1,,,,True
radial,Wang2026_rotation_curve,Wang et al. 2026,Gaia phase-space spiral,circular-speed inference,24.68,,186.64,36.22,,,,True
radial,McClureDickey2016_Q1_terminal,McClure-Griffiths & Dickey 2016,H I terminal velocities,binned terminal curve; n=16,2.63084,,207.466,3,,,,True
radial,McClureDickey2016_Q1_terminal,McClure-Griffiths & Dickey 2016,H I terminal velocities,binned terminal curve; n=17,2.77419,,209.156,3,,,,True
radial,McClureDickey2016_Q1_terminal,McClure-Griffiths & Dickey 2016,H I terminal velocities,binned terminal curve; n=18,2.92519,,210.111,3,,,,True
radial,McClureDickey2016_Q1_terminal,McClure-Griffiths & Dickey 2016,H I terminal velocities,binned terminal curve; n=17,3.07503,,208.224,3,,,,True
radial,McClureDickey2016_Q1_terminal,McClure-Griffiths & Dickey 2016,H I terminal velocities,binned terminal curve; n=18,3.22362,,208.859,3,,,,True
radial,McClureDickey2016_Q1_terminal,McClure-Griffiths & Dickey 2016,H I terminal velocities,binned terminal curve; n=18,3.37519,,210.824,3.09081,,,,True
radial,McClureDickey2016_Q1_terminal,McClure-Griffiths & Dickey 2016,H I terminal velocities,binned terminal curve; n=18,3.52533,,216.14,3,,,,True
radial,McClureDickey2016_Q1_terminal,McClure-Griffiths & Dickey 2016,H I terminal velocities,binned terminal curve; n=18,3.67399,,217.725,3,,,,True
radial,McClureDickey2016_Q1_terminal,McClure-Griffiths & Dickey 2016,H I terminal velocities,binned terminal curve; n=19,3.82517,,219.589,3,,,,True
radial,McClureDickey2016_Q1_terminal,McClure-Griffiths & Dickey 2016,H I terminal velocities,binned terminal curve; n=18,3.97472,,222.35,3.16002,,,,True
radial,McClureDickey2016_Q1_terminal,McClure-Griffiths & Dickey 2016,H I terminal velocities,binned terminal curve; n=19,4.12248,,232.701,3,,,,True
radial,McClureDickey2016_Q1_terminal,McClure-Griffiths & Dickey 2016,H I terminal velocities,binned terminal curve; n=19,4.27232,,234.835,3,,,,True
radial,McClureDickey2016_Q1_terminal,McClure-Griffiths & Dickey 2016,H I terminal velocities,binned terminal curve; n=20,4.42407,,233.508,3,,,,True
radial,McClureDickey2016_Q1_terminal,McClure-Griffiths & Dickey 2016,H I terminal velocities,binned terminal curve; n=20,4.57745,,237.207,3,,,,True
radial,McClureDickey2016_Q1_terminal,McClure-Griffiths & Dickey 2016,H I terminal velocities,binned terminal curve; n=20,4.7285,,232.303,3,,,,True
radial,McClureDickey2016_Q1_terminal,McClure-Griffiths & Dickey 2016,H I terminal velocities,binned terminal curve; n=20,4.87711,,233.11,3,,,,True
radial,McClureDickey2016_Q1_terminal,McClure-Griffiths & Dickey 2016,H I terminal velocities,binned terminal curve; n=21,5.02678,,237.147,3,,,,True
radial,McClureDickey2016_Q1_terminal,McClure-Griffiths & Dickey 2016,H I terminal velocities,binned terminal curve; n=21,5.17733,,235.617,3,,,,True
radial,McClureDickey2016_Q1_terminal,McClure-Griffiths & Dickey 2016,H I terminal velocities,binned terminal curve; n=21,5.32492,,232.317,3,,,,True
radial,McClureDickey2016_Q1_terminal,McClure-Griffiths & Dickey 2016,H I terminal velocities,binned terminal curve; n=22,5.47289,,233.323,3,,,,True
radial,McClureDickey2016_Q1_terminal,McClure-Griffiths & Dickey 2016,H I terminal velocities,binned terminal curve; n=23,5.62424,,235.303,3,,,,True
radial,McClureDickey2016_Q1_terminal,McClure-Griffiths & Dickey 2016,H I terminal velocities,binned terminal curve; n=23,5.77519,,237.019,3,,,,True
radial,McClureDickey2016_Q1_terminal,McClure-Griffiths & Dickey 2016,H I terminal velocities,binned terminal curve; n=24,5.92536,,240.479,3,,,,True
radial,McClureDickey2016_Q1_terminal,McClure-Griffiths & Dickey 2016,H I terminal velocities,binned terminal curve; n=24,6.07437,,244.209,3,,,,True
radial,McClureDickey2016_Q1_terminal,McClure-Griffiths & Dickey 2016,H I terminal velocities,binned terminal curve; n=26,6.22478,,247.69,3,,,,True
radial,McClureDickey2016_Q1_terminal,McClure-Griffiths & Dickey 2016,H I terminal velocities,binned terminal curve; n=26,6.37592,,250.967,3,,,,True
radial,McClureDickey2016_Q1_terminal,McClure-Griffiths & Dickey 2016,H I terminal velocities,binned terminal curve; n=27,6.52425,,249.433,3,,,,True
radial,McClureDickey2016_Q1_terminal,McClure-Griffiths & Dickey 2016,H I terminal velocities,binned terminal curve; n=29,6.67454,,240.803,3,,,,True
radial,McClureDickey2016_Q1_terminal,McClure-Griffiths & Dickey 2016,H I terminal velocities,binned terminal curve; n=30,6.82561,,241.654,3,,,,True
radial,McClureDickey2016_Q1_terminal,McClure-Griffiths & Dickey 2016,H I terminal velocities,binned terminal curve; n=32,6.97609,,242.629,3,,,,True
radial,McClureDickey2016_Q1_terminal,McClure-Griffiths & Dickey 2016,H I terminal velocities,binned terminal curve; n=34,7.12681,,242.411,3,,,,True
radial,McClureDickey2016_Q1_terminal,McClure-Griffiths & Dickey 2016,H I terminal velocities,binned terminal curve; n=36,7.27574,,241.149,3,,,,True
radial,McClureDickey2016_Q1_terminal,McClure-Griffiths & Dickey 2016,H I terminal velocities,binned terminal curve; n=34,7.41329,,237.613,3,,,,True
radial,McClureDickey2007_Q4_terminal,McClure-Griffiths & Dickey 2007,H I terminal velocities,binned terminal curve; n=4,2.83177,,216.847,3,,,,True
radial,McClureDickey2007_Q4_terminal,McClure-Griffiths & Dickey 2007,H I terminal velocities,binned terminal curve; n=17,2.92451,,217.007,3,,,,True
radial,McClureDickey2007_Q4_terminal,McClure-Griffiths & Dickey 2007,H I terminal velocities,binned terminal curve; n=17,3.07381,,215.834,3,,,,True
radial,McClureDickey2007_Q4_terminal,McClure-Griffiths & Dickey 2007,H I terminal velocities,binned terminal curve; n=18,3.22623,,222.011,3,,,,True
radial,McClureDickey2007_Q4_terminal,McClure-Griffiths & Dickey 2007,H I terminal velocities,binned terminal curve; n=17,3.37733,,222.857,3,,,,True
radial,McClureDickey2007_Q4_terminal,McClure-Griffiths & Dickey 2007,H I terminal velocities,binned terminal curve; n=18,3.52702,,220.386,3,,,,True
radial,McClureDickey2007_Q4_terminal,McClure-Griffiths & Dickey 2007,H I terminal velocities,binned terminal curve; n=17,3.67526,,219.412,3,,,,True
radial,McClureDickey2007_Q4_terminal,McClure-Griffiths & Dickey 2007,H I terminal velocities,binned terminal curve; n=18,3.82195,,220.074,3,,,,True
radial,McClureDickey2007_Q4_terminal,McClure-Griffiths & Dickey 2007,H I terminal velocities,binned terminal curve; n=19,3.97531,,224.362,3,,,,True
radial,McClureDickey2007_Q4_terminal,McClure-Griffiths & Dickey 2007,H I terminal velocities,binned terminal curve; n=18,4.12684,,230.347,3,,,,True
radial,McClureDickey2007_Q4_terminal,McClure-Griffiths & Dickey 2007,H I terminal velocities,binned terminal curve; n=19,4.27645,,232.484,3,,,,True
radial,McClureDickey2007_Q4_terminal,McClure-Griffiths & Dickey 2007,H I terminal velocities,binned terminal curve; n=19,4.42803,,227.489,3,,,,True
radial,McClureDickey2007_Q4_terminal,McClure-Griffiths & Dickey 2007,H I terminal velocities,binned terminal curve; n=19,4.57746,,226.412,3,,,,True
radial,McClureDickey2007_Q4_terminal,McClure-Griffiths & Dickey 2007,H I terminal velocities,binned terminal curve; n=19,4.72465,,227.503,3,,,,True
radial,McClureDickey2007_Q4_terminal,McClure-Griffiths & Dickey 2007,H I terminal velocities,binned terminal curve; n=20,4.8733,,229.275,3,,,,True
radial,McClureDickey2007_Q4_terminal,McClure-Griffiths & Dickey 2007,H I terminal velocities,binned terminal curve; n=20,5.02317,,229.001,3,,,,True
radial,McClureDickey2007_Q4_terminal,McClure-Griffiths & Dickey 2007,H I terminal velocities,binned terminal curve; n=19,5.17125,,227.511,3,,,,True
radial,McClureDickey2007_Q4_terminal,McClure-Griffiths & Dickey 2007,H I terminal velocities,binned terminal curve; n=21,5.32536,,225.762,3,,,,True
radial,McClureDickey2007_Q4_terminal,McClure-Griffiths & Dickey 2007,H I terminal velocities,binned terminal curve; n=21,5.47359,,223.174,3,,,,True
radial,McClureDickey2007_Q4_terminal,McClure-Griffiths & Dickey 2007,H I terminal velocities,binned terminal curve; n=22,5.62196,,227.583,3,,,,True
radial,McClureDickey2007_Q4_terminal,McClure-Griffiths & Dickey 2007,H I terminal velocities,binned terminal curve; n=23,5.77345,,231.805,3,,,,True
radial,McClureDickey2007_Q4_terminal,McClure-Griffiths & Dickey 2007,H I terminal velocities,binned terminal curve; n=23,5.92424,,234.644,3,,,,True
radial,McClureDickey2007_Q4_terminal,McClure-Griffiths & Dickey 2007,H I terminal velocities,binned terminal curve; n=18,6.08223,,239.751,3,,,,True
radial,McClureDickey2007_Q4_terminal,McClure-Griffiths & Dickey 2007,H I terminal velocities,binned terminal curve; n=25,6.22509,,243.522,3,,,,True
radial,McClureDickey2007_Q4_terminal,McClure-Griffiths & Dickey 2007,H I terminal velocities,binned terminal curve; n=26,6.37709,,244.67,3,,,,True
radial,McClureDickey2007_Q4_terminal,McClure-Griffiths & Dickey 2007,H I terminal velocities,binned terminal curve; n=24,6.52162,,239.786,3.41846,,,,True
radial,McClureDickey2007_Q4_terminal,McClure-Griffiths & Dickey 2007,H I terminal velocities,binned terminal curve; n=27,6.67678,,241.434,3,,,,True
radial,McClureDickey2007_Q4_terminal,McClure-Griffiths & Dickey 2007,H I terminal velocities,binned terminal curve; n=29,6.82459,,246.53,3,,,,True
radial,McClureDickey2007_Q4_terminal,McClure-Griffiths & Dickey 2007,H I terminal velocities,binned terminal curve; n=31,6.97405,,246.232,3,,,,True
radial,McClureDickey2007_Q4_terminal,McClure-Griffiths & Dickey 2007,H I terminal velocities,binned terminal curve; n=33,7.12409,,248.123,3,,,,True
radial,McClureDickey2007_Q4_terminal,McClure-Griffiths & Dickey 2007,H I terminal velocities,binned terminal curve; n=36,7.27476,,248.877,3.04372,,,,True
radial,McClureDickey2007_Q4_terminal,McClure-Griffiths & Dickey 2007,H I terminal velocities,binned terminal curve; n=39,7.42523,,247.127,3,,,,True
radial,McClureDickey2007_Q4_terminal,McClure-Griffiths & Dickey 2007,H I terminal velocities,binned terminal curve; n=42,7.57292,,246.031,3,,,,True
radial,McClureDickey2007_Q4_terminal,McClure-Griffiths & Dickey 2007,H I terminal velocities,binned terminal curve; n=10,7.66419,,245.747,3,,,,True
radial,Eilers2019_original_Gaia,Eilers et al. 2019,APOGEE/Gaia giants,published circular speed,5.27,,226.83,5.26249,,,,False
radial,Eilers2019_McGaugh2019_adjusted,Eilers et al. 2019; McGaugh 2019,APOGEE/Gaia giants,McGaugh-adjusted circular speed,5.27,,224.07,5.26249,,,,True
radial,Eilers2019_original_Gaia,Eilers et al. 2019,APOGEE/Gaia giants,published circular speed,5.74,,230.8,5.05919,,,,False
radial,Eilers2019_McGaugh2019_adjusted,Eilers et al. 2019; McGaugh 2019,APOGEE/Gaia giants,McGaugh-adjusted circular speed,5.74,,234.544,5.05919,,,,True
radial,Eilers2019_original_Gaia,Eilers et al. 2019,APOGEE/Gaia giants,published circular speed,6.23,,231.2,4.80025,,,,False
radial,Eilers2019_McGaugh2019_adjusted,Eilers et al. 2019; McGaugh 2019,APOGEE/Gaia giants,McGaugh-adjusted circular speed,6.23,,241.988,4.80025,,,,True
radial,Eilers2019_original_Gaia,Eilers et al. 2019,APOGEE/Gaia giants,published circular speed,6.73,,229.88,3.64635,,,,False
radial,Eilers2019_McGaugh2019_adjusted,Eilers et al. 2019; McGaugh 2019,APOGEE/Gaia giants,McGaugh-adjusted circular speed,6.73,,237.844,3.64635,,,,True
radial,Eilers2019_original_Gaia,Eilers et al. 2019,APOGEE/Gaia giants,published circular speed,7.22,,229.61,4.80722,,,,False
radial,Eilers2019_McGaugh2019_adjusted,Eilers et al. 2019; McGaugh 2019,APOGEE/Gaia giants,McGaugh-adjusted circular speed,7.22,,247.547,4.80722,,,,True
radial,Eilers2019_original_Gaia,Eilers et al. 2019,APOGEE/Gaia giants,published circular speed,7.82,,229.91,3.15389,,,,False
radial,Eilers2019_McGaugh2019_adjusted,Eilers et al. 2019; McGaugh 2019,APOGEE/Gaia giants,McGaugh-adjusted circular speed,7.82,,238.075,3.15389,,,,True
radial,Eilers2019_original_Gaia,Eilers et al. 2019,APOGEE/Gaia giants,published circular speed,8.19,,228.86,1.70356,,,,False
radial,Eilers2019_McGaugh2019_adjusted,Eilers et al. 2019; McGaugh 2019,APOGEE/Gaia giants,McGaugh-adjusted circular speed,8.19,,230.494,1.70356,,,,True
radial,Eilers2019_original_Gaia,Eilers et al. 2019,APOGEE/Gaia giants,published circular speed,8.78,,226.5,2.2542,,,,False
radial,Eilers2019_McGaugh2019_adjusted,Eilers et al. 2019; McGaugh 2019,APOGEE/Gaia giants,McGaugh-adjusted circular speed,8.78,,231.252,2.2542,,,,True
radial,Eilers2019_original_Gaia,Eilers et al. 2019,APOGEE/Gaia giants,published circular speed,9.27,,226.2,0.72,,,,False
radial,Eilers2019_McGaugh2019_adjusted,Eilers et al. 2019; McGaugh 2019,APOGEE/Gaia giants,McGaugh-adjusted circular speed,9.27,,232.204,0.72,,,,True
radial,Eilers2019_original_Gaia,Eilers et al. 2019,APOGEE/Gaia giants,published circular speed,9.76,,225.94,0.42,,,,False
radial,Eilers2019_McGaugh2019_adjusted,Eilers et al. 2019; McGaugh 2019,APOGEE/Gaia giants,McGaugh-adjusted circular speed,9.76,,231.763,0.42,,,,True
radial,Eilers2019_original_Gaia,Eilers et al. 2019,APOGEE/Gaia giants,published circular speed,10.26,,225.68,0.44,,,,False
radial,Eilers2019_McGaugh2019_adjusted,Eilers et al. 2019; McGaugh 2019,APOGEE/Gaia giants,McGaugh-adjusted circular speed,10.26,,230.824,0.44,,,,True
radial,Eilers2019_original_Gaia,Eilers et al. 2019,APOGEE/Gaia giants,published circular speed,10.75,,224.73,0.38,,,,False
radial,Eilers2019_McGaugh2019_adjusted,Eilers et al. 2019; McGaugh 2019,APOGEE/Gaia giants,McGaugh-adjusted circular speed,10.75,,229.258,0.38,,,,True
radial,Eilers2019_original_Gaia,Eilers et al. 2019,APOGEE/Gaia giants,published circular speed,11.25,,224.02,0.33,,,,False
radial,Eilers2019_McGaugh2019_adjusted,Eilers et al. 2019; McGaugh 2019,APOGEE/Gaia giants,McGaugh-adjusted circular speed,11.25,,227.103,0.33,,,,True
radial,Eilers2019_original_Gaia,Eilers et al. 2019,APOGEE/Gaia giants,published circular speed,11.75,,223.86,0.4,,,,False
radial,Eilers2019_McGaugh2019_adjusted,Eilers et al. 2019; McGaugh 2019,APOGEE/Gaia giants,McGaugh-adjusted circular speed,11.75,,226.952,0.4,,,,True
radial,Eilers2019_original_Gaia,Eilers et al. 2019,APOGEE/Gaia giants,published circular speed,12.25,,222.23,0.51,,,,False
radial,Eilers2019_McGaugh2019_adjusted,Eilers et al. 2019; McGaugh 2019,APOGEE/Gaia giants,McGaugh-adjusted circular speed,12.25,,225.318,0.51,,,,True
radial,Eilers2019_original_Gaia,Eilers et al. 2019,APOGEE/Gaia giants,published circular speed,12.74,,220.77,0.54,,,,False
radial,Eilers2019_McGaugh2019_adjusted,Eilers et al. 2019; McGaugh 2019,APOGEE/Gaia giants,McGaugh-adjusted circular speed,12.74,,223.86,0.54,,,,True
radial,Eilers2019_original_Gaia,Eilers et al. 2019,APOGEE/Gaia giants,published circular speed,13.23,,220.92,0.57,,,,False
radial,Eilers2019_McGaugh2019_adjusted,Eilers et al. 2019; McGaugh 2019,APOGEE/Gaia giants,McGaugh-adjusted circular speed,13.23,,224.035,0.57,,,,True
radial,Eilers2019_original_Gaia,Eilers et al. 2019,APOGEE/Gaia giants,published circular speed,13.74,,217.47,0.64,,,,False
radial,Eilers2019_McGaugh2019_adjusted,Eilers et al. 2019; McGaugh 2019,APOGEE/Gaia giants,McGaugh-adjusted circular speed,13.74,,220.572,0.64,,,,True
radial,Eilers2019_original_Gaia,Eilers et al. 2019,APOGEE/Gaia giants,published circular speed,14.24,,217.31,0.77,,,,False
radial,Eilers2019_McGaugh2019_adjusted,Eilers et al. 2019; McGaugh 2019,APOGEE/Gaia giants,McGaugh-adjusted circular speed,14.24,,220.441,0.77,,,,True
radial,Eilers2019_original_Gaia,Eilers et al. 2019,APOGEE/Gaia giants,published circular speed,14.74,,217.6,0.65,,,,False
radial,Eilers2019_McGaugh2019_adjusted,Eilers et al. 2019; McGaugh 2019,APOGEE/Gaia giants,McGaugh-adjusted circular speed,14.74,,220.768,0.65,,,,True
radial,Eilers2019_original_Gaia,Eilers et al. 2019,APOGEE/Gaia giants,published circular speed,15.22,,217.07,1.06,,,,False
radial,Eilers2019_McGaugh2019_adjusted,Eilers et al. 2019; McGaugh 2019,APOGEE/Gaia giants,McGaugh-adjusted circular speed,15.22,,220.266,1.06,,,,True
radial,Eilers2019_original_Gaia,Eilers et al. 2019,APOGEE/Gaia giants,published circular speed,15.74,,217.38,0.84,,,,False
radial,Eilers2019_McGaugh2019_adjusted,Eilers et al. 2019; McGaugh 2019,APOGEE/Gaia giants,McGaugh-adjusted circular speed,15.74,,220.62,0.84,,,,True
radial,Eilers2019_original_Gaia,Eilers et al. 2019,APOGEE/Gaia giants,published circular speed,16.24,,216.14,1.2,,,,False
radial,Eilers2019_McGaugh2019_adjusted,Eilers et al. 2019; McGaugh 2019,APOGEE/Gaia giants,McGaugh-adjusted circular speed,16.24,,219.406,1.2,,,,True
radial,Eilers2019_original_Gaia,Eilers et al. 2019,APOGEE/Gaia giants,published circular speed,16.74,,212.52,1.39,,,,False
radial,Eilers2019_McGaugh2019_adjusted,Eilers et al. 2019; McGaugh 2019,APOGEE/Gaia giants,McGaugh-adjusted circular speed,16.74,,215.787,1.39,,,,True
radial,Eilers2019_original_Gaia,Eilers et al. 2019,APOGEE/Gaia giants,published circular speed,17.25,,216.41,1.44,,,,False
radial,Eilers2019_McGaugh2019_adjusted,Eilers et al. 2019; McGaugh 2019,APOGEE/Gaia giants,McGaugh-adjusted circular speed,17.25,,219.765,1.44,,,,True
radial,Eilers2019_original_Gaia,Eilers et al. 2019,APOGEE/Gaia giants,published circular speed,17.75,,213.7,2.22,,,,False
radial,Eilers2019_McGaugh2019_adjusted,Eilers et al. 2019; McGaugh 2019,APOGEE/Gaia giants,McGaugh-adjusted circular speed,17.75,,217.07,2.22,,,,True
radial,Eilers2019_original_Gaia,Eilers et al. 2019,APOGEE/Gaia giants,published circular speed,18.24,,207.89,1.76,,,,False
radial,Eilers2019_McGaugh2019_adjusted,Eilers et al. 2019; McGaugh 2019,APOGEE/Gaia giants,McGaugh-adjusted circular speed,18.24,,211.24,1.76,,,,True
radial,Eilers2019_original_Gaia,Eilers et al. 2019,APOGEE/Gaia giants,published circular speed,18.74,,209.6,2.31,,,,False
radial,Eilers2019_McGaugh2019_adjusted,Eilers et al. 2019; McGaugh 2019,APOGEE/Gaia giants,McGaugh-adjusted circular speed,18.74,,213.017,2.31,,,,True
radial,Eilers2019_original_Gaia,Eilers et al. 2019,APOGEE/Gaia giants,published circular speed,19.22,,206.45,2.54,,,,False
radial,Eilers2019_McGaugh2019_adjusted,Eilers et al. 2019; McGaugh 2019,APOGEE/Gaia giants,McGaugh-adjusted circular speed,19.22,,209.879,2.54,,,,True
radial,Eilers2019_original_Gaia,Eilers et al. 2019,APOGEE/Gaia giants,published circular speed,19.71,,201.91,2.99,,,,False
radial,Eilers2019_McGaugh2019_adjusted,Eilers et al. 2019; McGaugh 2019,APOGEE/Gaia giants,McGaugh-adjusted circular speed,19.71,,205.337,2.99,,,,True
radial,Eilers2019_original_Gaia,Eilers et al. 2019,APOGEE/Gaia giants,published circular speed,20.27,,199.84,3.15,,,,False
radial,Eilers2019_McGaugh2019_adjusted,Eilers et al. 2019; McGaugh 2019,APOGEE/Gaia giants,McGaugh-adjusted circular speed,20.27,,203.301,3.15,,,,True
radial,Eilers2019_original_Gaia,Eilers et al. 2019,APOGEE/Gaia giants,published circular speed,20.78,,198.14,3.33,,,,False
radial,Eilers2019_McGaugh2019_adjusted,Eilers et al. 2019; McGaugh 2019,APOGEE/Gaia giants,McGaugh-adjusted circular speed,20.78,,201.635,3.33,,,,True
radial,Eilers2019_original_Gaia,Eilers et al. 2019,APOGEE/Gaia giants,published circular speed,21.24,,195.3,5.99,,,,False
radial,Eilers2019_McGaugh2019_adjusted,Eilers et al. 2019; McGaugh 2019,APOGEE/Gaia giants,McGaugh-adjusted circular speed,21.24,,198.811,5.99,,,,True
radial,Eilers2019_original_Gaia,Eilers et al. 2019,APOGEE/Gaia giants,published circular speed,21.8,,213.67,15.38,,,,False
radial,Eilers2019_McGaugh2019_adjusted,Eilers et al. 2019; McGaugh 2019,APOGEE/Gaia giants,McGaugh-adjusted circular speed,21.8,,217.425,15.38,,,,True
radial,Eilers2019_original_Gaia,Eilers et al. 2019,APOGEE/Gaia giants,published circular speed,22.14,,176.97,28.58,,,,False
radial,Eilers2019_McGaugh2019_adjusted,Eilers et al. 2019; McGaugh 2019,APOGEE/Gaia giants,McGaugh-adjusted circular speed,22.14,,180.357,28.58,,,,True
radial,Eilers2019_original_Gaia,Eilers et al. 2019,APOGEE/Gaia giants,published circular speed,22.73,,193.11,27.64,,,,False
radial,Eilers2019_McGaugh2019_adjusted,Eilers et al. 2019; McGaugh 2019,APOGEE/Gaia giants,McGaugh-adjusted circular speed,22.73,,196.755,27.64,,,,True
radial,Eilers2019_original_Gaia,Eilers et al. 2019,APOGEE/Gaia giants,published circular speed,23.66,,176.63,18.67,,,,False
radial,Eilers2019_McGaugh2019_adjusted,Eilers et al. 2019; McGaugh 2019,APOGEE/Gaia giants,McGaugh-adjusted circular speed,23.66,,180.188,18.67,,,,True
radial,Eilers2019_original_Gaia,Eilers et al. 2019,APOGEE/Gaia giants,published circular speed,24.82,,198.42,6.5,,,,False
radial,Eilers2019_McGaugh2019_adjusted,Eilers et al. 2019; McGaugh 2019,APOGEE/Gaia giants,McGaugh-adjusted circular speed,24.82,,202.332,6.5,,,,True
radial,Feng2026_Cepheids,Feng et al. 2026,Gaia DR3 classical Cepheids,binned circular speed,6.58,,242.92,1.25,,,,True
radial,Feng2026_Cepheids,Feng et al. 2026,Gaia DR3 classical Cepheids,binned circular speed,7.49,,239.31,1.33,,,,True
radial,Feng2026_Cepheids,Feng et al. 2026,Gaia DR3 classical Cepheids,binned circular speed,8.48,,236.54,0.86,,,,True
radial,Feng2026_Cepheids,Feng et al. 2026,Gaia DR3 classical Cepheids,binned circular speed,9.5,,232.36,1.32,,,,True
radial,Feng2026_Cepheids,Feng et al. 2026,Gaia DR3 classical Cepheids,binned circular speed,10.52,,229.97,1.13,,,,True
radial,Feng2026_Cepheids,Feng et al. 2026,Gaia DR3 classical Cepheids,binned circular speed,11.42,,233.57,1.39,,,,True
radial,Feng2026_Cepheids,Feng et al. 2026,Gaia DR3 classical Cepheids,binned circular speed,12.5,,233.38,1.3,,,,True
radial,Feng2026_Cepheids,Feng et al. 2026,Gaia DR3 classical Cepheids,binned circular speed,13.5,,237.05,1.53,,,,True
radial,Feng2026_Cepheids,Feng et al. 2026,Gaia DR3 classical Cepheids,binned circular speed,14.46,,237.11,1.31,,,,True
radial,Feng2026_Cepheids,Feng et al. 2026,Gaia DR3 classical Cepheids,binned circular speed,15.21,,237,2.22,,,,True
radial,Feng2026_Cepheids,Feng et al. 2026,Gaia DR3 classical Cepheids,binned circular speed,15.88,,231.03,1.95,,,,True
radial,Feng2026_Cepheids,Feng et al. 2026,Gaia DR3 classical Cepheids,binned circular speed,17.58,,224.03,1.91,,,,True
radial,Watkins2019_M39p5,Watkins et al. 2019,globular clusters,enclosed mass converted to circular speed,39.5,,213.849,16.5478,,,,True
radial,Deason2021_M100,Deason et al. 2021,halo stars,enclosed mass converted to circular speed,100,,161.575,16.5604,,,,True
radial,Bird2022_KG_Jeans_M73,Bird et al. 2022,K giants,Jeans M(<R),73,,159.167,20.7956,,,,True
radial,Bird2022_BHB_Jeans_M52,Bird et al. 2022,BHB stars,Jeans M(<R),52,,184.15,30.1296,,,,True
radial,Bird2022_KG_TME_M73,Bird et al. 2022,K giants,TME M(<R),73,,159.167,23.1902,,,,True
radial,Bird2022_BHB_TME_M52,Bird et al. 2022,BHB stars,TME M(<R),52,,172.556,40.1745,,,,True
radial,Bird2022_KG_Jeans_M200,Bird et al. 2022,K giants,Jeans M200 converted at r200,173,,116.933,17.0133,,,,False
radial,Bird2022_BHB_Jeans_M200,Bird et al. 2022,BHB stars,Jeans M200 converted at r200,211,,142.771,39.5899,,,,False
radial,Bird2022_KG_TME_M200,Bird et al. 2022,K giants,TME M200 converted at r200,162,,110.51,5.26861,,,,False
radial,Bird2022_BHB_TME_M200,Bird et al. 2022,BHB stars,TME M200 converted at r200,185,,124.805,17.2784,,,,False
radial,Bird2022_digitized_KG_Jeans_R11,Bird et al. 2022 Fig. 6,K giants,digitized Fig. 6 Jeans,11,,213,19,,,,False
radial,Bird2022_digitized_KG_Jeans_R19,Bird et al. 2022 Fig. 6,K giants,digitized Fig. 6 Jeans,19,,207,17,,,,False
radial,Bird2022_digitized_KG_Jeans_R29,Bird et al. 2022 Fig. 6,K giants,digitized Fig. 6 Jeans,29,,201,15,,,,False
radial,Bird2022_digitized_KG_Jeans_R39,Bird et al. 2022 Fig. 6,K giants,digitized Fig. 6 Jeans,39,,195,18,,,,False
radial,Bird2022_digitized_KG_Jeans_R49,Bird et al. 2022 Fig. 6,K giants,digitized Fig. 6 Jeans,49,,171,20,,,,False
radial,Bird2022_digitized_KG_Jeans_R59,Bird et al. 2022 Fig. 6,K giants,digitized Fig. 6 Jeans,59,,159,19,,,,False
radial,Bird2022_digitized_KG_Jeans_R73,Bird et al. 2022 Fig. 6,K giants,digitized Fig. 6 Jeans,73,,157,19,,,,False
radial,Bird2022_digitized_KG_TME_R9,Bird et al. 2022 Fig. 6,K giants,digitized Fig. 6 TME,9,,240,14,,,,False
radial,Bird2022_digitized_KG_TME_R19,Bird et al. 2022 Fig. 6,K giants,digitized Fig. 6 TME,19,,218,15,,,,False
radial,Bird2022_digitized_KG_TME_R29,Bird et al. 2022 Fig. 6,K giants,digitized Fig. 6 TME,29,,199,17,,,,False
radial,Bird2022_digitized_KG_TME_R39,Bird et al. 2022 Fig. 6,K giants,digitized Fig. 6 TME,39,,180,18,,,,False
radial,Bird2022_digitized_KG_TME_R49,Bird et al. 2022 Fig. 6,K giants,digitized Fig. 6 TME,49,,147,15,,,,False
radial,Bird2022_digitized_KG_TME_R59,Bird et al. 2022 Fig. 6,K giants,digitized Fig. 6 TME,59,,134,16,,,,False
radial,Bird2022_digitized_BHB_Jeans_R6,Bird et al. 2022 Fig. 6,BHB stars,digitized Fig. 6 Jeans,6,,218,25,,,,False
radial,Bird2022_digitized_BHB_Jeans_R8,Bird et al. 2022 Fig. 6,BHB stars,digitized Fig. 6 Jeans,8,,217,29,,,,False
radial,Bird2022_digitized_BHB_Jeans_R11,Bird et al. 2022 Fig. 6,BHB stars,digitized Fig. 6 Jeans,11,,212,24,,,,False
radial,Bird2022_digitized_BHB_Jeans_R16,Bird et al. 2022 Fig. 6,BHB stars,digitized Fig. 6 Jeans,16,,204,20,,,,False
radial,Bird2022_digitized_BHB_Jeans_R22,Bird et al. 2022 Fig. 6,BHB stars,digitized Fig. 6 Jeans,22,,198,19,,,,False
radial,Bird2022_digitized_BHB_Jeans_R33,Bird et al. 2022 Fig. 6,BHB stars,digitized Fig. 6 Jeans,33,,178,25,,,,False
radial,Bird2022_digitized_BHB_Jeans_R38,Bird et al. 2022 Fig. 6,BHB stars,digitized Fig. 6 Jeans,38,,214,26,,,,False
radial,Bird2022_digitized_BHB_Jeans_R46,Bird et al. 2022 Fig. 6,BHB stars,digitized Fig. 6 Jeans,46,,188,22,,,,False
radial,Bird2022_digitized_BHB_Jeans_R52,Bird et al. 2022 Fig. 6,BHB stars,digitized Fig. 6 Jeans,52,,181,48,,,,False
radial,Bird2022_digitized_BHB_TME_R6,Bird et al. 2022 Fig. 6,BHB stars,digitized Fig. 6 TME,6,,236,20,,,,False
radial,Bird2022_digitized_BHB_TME_R8,Bird et al. 2022 Fig. 6,BHB stars,digitized Fig. 6 TME,8,,240,19,,,,False
radial,Bird2022_digitized_BHB_TME_R10,Bird et al. 2022 Fig. 6,BHB stars,digitized Fig. 6 TME,10,,238,18,,,,False
radial,Bird2022_digitized_BHB_TME_R16,Bird et al. 2022 Fig. 6,BHB stars,digitized Fig. 6 TME,16,,222,16,,,,False
radial,Bird2022_digitized_BHB_TME_R22,Bird et al. 2022 Fig. 6,BHB stars,digitized Fig. 6 TME,22,,213,24,,,,False
radial,Bird2022_digitized_BHB_TME_R27,Bird et al. 2022 Fig. 6,BHB stars,digitized Fig. 6 TME,27,,211,16,,,,False
radial,Bird2022_digitized_BHB_TME_R38,Bird et al. 2022 Fig. 6,BHB stars,digitized Fig. 6 TME,38,,218,24,,,,False
radial,Bird2022_digitized_BHB_TME_R52,Bird et al. 2022 Fig. 6,BHB stars,digitized Fig. 6 TME,52,,171,38,,,,False
radial,Wang2020_Kafle2012_M60,Wang et al. 2020 Table A1,heterogeneous literature compilation,enclosed mass converted to circular speed,60,,169.33,14.8164,,,,False
radial,Wang2020_Kafle2012_M80,Wang et al. 2020 Table A1,heterogeneous literature compilation,enclosed mass converted to circular speed,80,,192.602,29.309,,,,False
radial,Wang2020_Kafle2012_M100,Wang et al. 2020 Table A1,heterogeneous literature compilation,enclosed mass converted to circular speed,100,,172.268,23.7181,,,,False
radial,Wang2020_Kafle2012_M200,Wang et al. 2020 Table A1,heterogeneous literature compilation,enclosed mass converted to circular speed,200,,146.644,16.8641,,,,False
radial,Wang2020_Kafle2012_M300,Wang et al. 2020 Table A1,heterogeneous literature compilation,enclosed mass converted to circular speed,300,,142.177,15.6294,,,,False
radial,Wang2020_Zhai2018_M120,Wang et al. 2020 Table A1,heterogeneous literature compilation,enclosed mass converted to circular speed,120,,139.119,21.8984,,,,False
radial,Wang2020_Bhattacharjee2014_M50,Wang et al. 2020 Table A1,heterogeneous literature compilation,enclosed mass converted to circular speed,50,,196.744,54.6511,,,,False
radial,Wang2020_Bhattacharjee2014_M100,Wang et al. 2020 Table A1,heterogeneous literature compilation,enclosed mass converted to circular speed,100,,169.753,57.6401,,,,False
radial,Wang2020_Deason2012b_M50,Wang et al. 2020 Table A1,heterogeneous literature compilation,enclosed mass converted to circular speed,50,,203.196,33.8661,,,,False
radial,Wang2020_Deason2012b_M100,Wang et al. 2020 Table A1,heterogeneous literature compilation,enclosed mass converted to circular speed,100,,186.648,48.3902,,,,False
radial,Wang2020_Huang2016_M50,Wang et al. 2020 Table A1,heterogeneous literature compilation,enclosed mass converted to circular speed,50,,198.918,6.48646,,,,False
radial,Wang2020_Huang2016_M100,Wang et al. 2020 Table A1,heterogeneous literature compilation,enclosed mass converted to circular speed,100,,184.329,8.16648,,,,False
radial,Wang2020_Huang2016_M200,Wang et al. 2020 Table A1,heterogeneous literature compilation,enclosed mass converted to circular speed,200,,160.641,10.0401,,,,False
radial,Wang2020_Deason2012_M50,Wang et al. 2020 Table A1,heterogeneous literature compilation,enclosed mass converted to circular speed,50,,263.96,22.8114,,,,False
radial,Wang2020_Deason2012_M100,Wang et al. 2020 Table A1,heterogeneous literature compilation,enclosed mass converted to circular speed,100,,268.002,36.9105,,,,False
radial,Wang2020_Deason2012_M200,Wang et al. 2020 Table A1,heterogeneous literature compilation,enclosed mass converted to circular speed,200,,253.996,48.6825,,,,False
radial,Wang2020_Watkins2010_M50,Wang et al. 2020 Table A1,heterogeneous literature compilation,enclosed mass converted to circular speed,50,,215.522,37.916,,,,False
radial,Wang2020_Sakamoto2003_M50,Wang et al. 2020 Table A1,heterogeneous literature compilation,enclosed mass converted to circular speed,50,,190.073,9.05109,,,,False
radial,Wang2020_Eadie2015_M260,Wang et al. 2020 Table A1,heterogeneous literature compilation,enclosed mass converted to circular speed,260,,150.541,6.59303,,,,False
radial,Wang2020_Eadie2016_M125,Wang et al. 2020 Table A1,heterogeneous literature compilation,enclosed mass converted to circular speed,125,,134.017,5.3915,,,,False
radial,Wang2020_Eadie2017_M125,Wang et al. 2020 Table A1,heterogeneous literature compilation,enclosed mass converted to circular speed,125,,147.23,12.8534,,,,False
radial,Wang2020_WilliamsEvans2015_M50,Wang et al. 2020 Table A1,heterogeneous literature compilation,enclosed mass converted to circular speed,50,,209.45,24.6412,,,,False
radial,Wang2020_EadieJuric2019_M25,Wang et al. 2020 Table A1,heterogeneous literature compilation,enclosed mass converted to circular speed,25,,211.494,32.5375,,,,False
radial,Wang2020_EadieJuric2019_M50,Wang et al. 2020 Table A1,heterogeneous literature compilation,enclosed mass converted to circular speed,50,,178.401,26.519,,,,False
radial,Wang2020_EadieJuric2019_M100,Wang et al. 2020 Table A1,heterogeneous literature compilation,enclosed mass converted to circular speed,100,,150.98,23.5016,,,,False
radial,Wang2020_Vasiliev2019_M50,Wang et al. 2020 Table A1,heterogeneous literature compilation,enclosed mass converted to circular speed,50,,215.522,18.958,,,,False
radial,Wang2020_Vasiliev2019_M100,Wang et al. 2020 Table A1,heterogeneous literature compilation,enclosed mass converted to circular speed,100,,191.201,29.8049,,,,False
radial,Wang2020_Newberg2010_M50,Wang et al. 2020 Table A1,heterogeneous literature compilation,enclosed mass converted to circular speed,50,,157.941,13.6156,,,,False
radial,Wang2020_Newberg2010_M100,Wang et al. 2020 Table A1,heterogeneous literature compilation,enclosed mass converted to circular speed,100,,132.792,11.3359,,,,False
radial,Wang2020_Hendel2018_M50,Wang et al. 2020 Table A1,heterogeneous literature compilation,enclosed mass converted to circular speed,50,,180.795,2.97361,,,,False
radial,Wang2020_Erkal2019_M50,Wang et al. 2020 Table A1,heterogeneous literature compilation,enclosed mass converted to circular speed,50,,183.159,27.0042,,,,False
radial,Wang2020_Fritz2020_M64,Wang et al. 2020 Table A1,heterogeneous literature compilation,enclosed mass converted to circular speed,64,,197.426,24.6783,,,,False
radial,Wang2020_Fritz2020_M273,Wang et al. 2020 Table A1,heterogeneous literature compilation,enclosed mass converted to circular speed,273,,150.095,17.5811,,,,False
vertical,Wang2026_vertical,Wang et al. 2026,Gaia phase-space spiral,vertical oscillation frequency,7.79,0.3,,,180.5,28.5,0.019,True
vertical,Wang2026_vertical,Wang et al. 2026,Gaia phase-space spiral,vertical oscillation frequency,7.79,0.421,,,311.8,26.5,0.025,True
vertical,Wang2026_vertical,Wang et al. 2026,Gaia phase-space spiral,vertical oscillation frequency,7.79,0.516,,,478.8,46.4,0.018,True
vertical,Wang2026_vertical,Wang et al. 2026,Gaia phase-space spiral,vertical oscillation frequency,7.79,0.621,,,568.9,35.8,0.025,True
vertical,Wang2026_vertical,Wang et al. 2026,Gaia phase-space spiral,vertical oscillation frequency,7.79,0.726,,,666.7,54.8,0.018,True
vertical,Wang2026_vertical,Wang et al. 2026,Gaia phase-space spiral,vertical oscillation frequency,7.79,0.84,,,908.8,45.2,0.025,True
vertical,Wang2026_vertical,Wang et al. 2026,Gaia phase-space spiral,vertical oscillation frequency,7.79,0.944,,,1188.3,73.1,0.018,True
vertical,Wang2026_vertical,Wang et al. 2026,Gaia phase-space spiral,vertical oscillation frequency,7.79,1.054,,,1269.3,53.4,0.025,True
vertical,Wang2026_vertical,Wang et al. 2026,Gaia phase-space spiral,vertical oscillation frequency,8.17,0.292,,,160.3,26.9,0.019,True
vertical,Wang2026_vertical,Wang et al. 2026,Gaia phase-space spiral,vertical oscillation frequency,8.17,0.414,,,288.5,25.5,0.025,True
vertical,Wang2026_vertical,Wang et al. 2026,Gaia phase-space spiral,vertical oscillation frequency,8.17,0.524,,,454.2,45.2,0.018,True
vertical,Wang2026_vertical,Wang et al. 2026,Gaia phase-space spiral,vertical oscillation frequency,8.17,0.645,,,568.8,35.8,0.025,True
vertical,Wang2026_vertical,Wang et al. 2026,Gaia phase-space spiral,vertical oscillation frequency,8.17,0.718,,,696.2,56.0,0.018,True
vertical,Wang2026_vertical,Wang et al. 2026,Gaia phase-space spiral,vertical oscillation frequency,8.17,0.795,,,876.6,44.4,0.025,True
vertical,Wang2026_vertical,Wang et al. 2026,Gaia phase-space spiral,vertical oscillation frequency,8.17,0.921,,,1077.7,69.6,0.018,True
vertical,Wang2026_vertical,Wang et al. 2026,Gaia phase-space spiral,vertical oscillation frequency,8.17,1.055,,,1294.8,54.0,0.025,True
vertical,Wang2026_vertical,Wang et al. 2026,Gaia phase-space spiral,vertical oscillation frequency,8.66,0.289,,,152.9,18.5,0.025,True
vertical,Wang2026_vertical,Wang et al. 2026,Gaia phase-space spiral,vertical oscillation frequency,8.66,0.379,,,240.6,32.9,0.018,True
vertical,Wang2026_vertical,Wang et al. 2026,Gaia phase-space spiral,vertical oscillation frequency,8.66,0.481,,,365.2,28.7,0.025,True
vertical,Wang2026_vertical,Wang et al. 2026,Gaia phase-space spiral,vertical oscillation frequency,8.66,0.586,,,515.6,48.2,0.018,True
vertical,Wang2026_vertical,Wang et al. 2026,Gaia phase-space spiral,vertical oscillation frequency,8.66,0.702,,,653.6,38.3,0.025,True
vertical,Wang2026_vertical,Wang et al. 2026,Gaia phase-space spiral,vertical oscillation frequency,9.14,0.309,,,143.3,18.0,0.025,True
vertical,Wang2026_vertical,Wang et al. 2026,Gaia phase-space spiral,vertical oscillation frequency,9.14,0.387,,,249.9,33.5,0.018,True
vertical,Wang2026_vertical,Wang et al. 2026,Gaia phase-space spiral,vertical oscillation frequency,9.14,0.474,,,360.6,28.5,0.025,True
vertical,Wang2026_vertical,Wang et al. 2026,Gaia phase-space spiral,vertical oscillation frequency,9.14,0.583,,,491.6,47.0,0.018,True
vertical,Wang2026_vertical,Wang et al. 2026,Gaia phase-space spiral,vertical oscillation frequency,9.14,0.704,,,638.0,37.9,0.025,True
vertical,Wang2026_vertical,Wang et al. 2026,Gaia phase-space spiral,vertical oscillation frequency,9.14,0.791,,,803.4,60.1,0.018,True
vertical,Wang2026_vertical,Wang et al. 2026,Gaia phase-space spiral,vertical oscillation frequency,9.54,0.367,,,222.2,31.6,0.018,True
vertical,Wang2026_vertical,Wang et al. 2026,Gaia phase-space spiral,vertical oscillation frequency,9.54,0.42,,,298.3,25.9,0.025,True
vertical,Wang2026_vertical,Wang et al. 2026,Gaia phase-space spiral,vertical oscillation frequency,9.54,0.539,,,385.6,41.7,0.018,True
vertical,Wang2026_vertical,Wang et al. 2026,Gaia phase-space spiral,vertical oscillation frequency,9.54,0.673,,,540.3,34.9,0.025,True
vertical,Wang2026_vertical,Wang et al. 2026,Gaia phase-space spiral,vertical oscillation frequency,9.88,0.283,,,133.8,24.5,0.018,True
vertical,Wang2026_vertical,Wang et al. 2026,Gaia phase-space spiral,vertical oscillation frequency,9.88,0.35,,,186.5,20.5,0.025,True
vertical,Wang2026_vertical,Wang et al. 2026,Gaia phase-space spiral,vertical oscillation frequency,9.88,0.488,,,248.0,33.4,0.018,True
vertical,Wang2026_vertical,Wang et al. 2026,Gaia phase-space spiral,vertical oscillation frequency,9.88,0.649,,,450.7,31.8,0.025,True
vertical,Wang2026_vertical,Wang et al. 2026,Gaia phase-space spiral,vertical oscillation frequency,10.24,0.32,,,135.0,17.4,0.025,True
vertical,Wang2026_vertical,Wang et al. 2026,Gaia phase-space spiral,vertical oscillation frequency,10.24,0.444,,,195.9,29.7,0.018,True
vertical,Wang2026_vertical,Wang et al. 2026,Gaia phase-space spiral,vertical oscillation frequency,10.24,0.587,,,430.4,31.1,0.025,True
vertical,Wang2026_vertical,Wang et al. 2026,Gaia phase-space spiral,vertical oscillation frequency,10.64,0.304,,,118.9,16.4,0.025,True
vertical,Wang2026_vertical,Wang et al. 2026,Gaia phase-space spiral,vertical oscillation frequency,10.64,0.425,,,177.6,28.3,0.018,True
vertical,Wang2026_vertical,Wang et al. 2026,Gaia phase-space spiral,vertical oscillation frequency,10.64,0.566,,,385.6,29.5,0.025,True
vertical,Wang2026_vertical,Wang et al. 2026,Gaia phase-space spiral,vertical oscillation frequency,10.95,0.296,,,108.9,15.7,0.025,True
vertical,Wang2026_vertical,Wang et al. 2026,Gaia phase-space spiral,vertical oscillation frequency,10.95,0.415,,,156.8,26.6,0.018,True
vertical,Wang2026_vertical,Wang et al. 2026,Gaia phase-space spiral,vertical oscillation frequency,10.95,0.553,,,333.2,27.4,0.025,True
