draw_id,draw_label,model_key,model_name,k,source,dof,chi2_radial,chi2_vertical,chi2_total,chi2_nu
1,b1,baryonic,Baryonic Newtonian,0,qcopula,196,42990.4000,535.8730,43526.2730,222.0728
2,b2,baryonic,Baryonic Newtonian,0,qcopula,196,46098.2000,702.7630,46800.9630,238.7804
3,b3,baryonic,Baryonic Newtonian,0,qcopula,196,29710.1000,282.4240,29992.5240,153.0231
4,b4,baryonic,Baryonic Newtonian,0,qcopula,196,42163.7000,698.4130,42862.1130,218.6842
5,b5,baryonic,Baryonic Newtonian,0,qcopula,196,29184.3000,606.4700,29790.7700,151.9937
6,b6,baryonic,Baryonic Newtonian,0,qcopula,196,27082.4000,307.8210,27390.2210,139.7460
7,b7,baryonic,Baryonic Newtonian,0,qcopula,196,26042.3000,279.8600,26322.1600,134.2967
8,b8,baryonic,Baryonic Newtonian,0,qcopula,196,43362.3000,392.5640,43754.8640,223.2391
9,b9,baryonic,Baryonic Newtonian,0,qcopula,196,28222.3000,440.5250,28662.8250,146.2389
10,b10,baryonic,Baryonic Newtonian,0,qcopula,196,36627.4000,780.1730,37407.5730,190.8550
11,b11,baryonic,Baryonic Newtonian,0,qcopula,196,50474.1000,772.2910,51246.3910,261.4612
12,b12,baryonic,Baryonic Newtonian,0,qcopula,196,33970.7000,1121.8700,35092.5700,179.0437
13,b13,baryonic,Baryonic Newtonian,0,qcopula,196,49627.5000,514.3540,50141.8540,255.8258
14,b14,baryonic,Baryonic Newtonian,0,qcopula,196,37825.4000,90.8173,37916.2173,193.4501
15,b15,baryonic,Baryonic Newtonian,0,qcopula,196,45181.9000,570.0100,45751.9100,233.4281
16,b16,baryonic,Baryonic Newtonian,0,qcopula,196,41609.3000,477.6260,42086.9260,214.7292
17,b17,baryonic,Baryonic Newtonian,0,qcopula,196,32828.1000,421.5100,33249.6100,169.6409
18,b18,baryonic,Baryonic Newtonian,0,qcopula,196,40412.3000,361.6550,40773.9550,208.0304
19,b19,baryonic,Baryonic Newtonian,0,qcopula,196,28387.1000,201.6980,28588.7980,145.8612
20,b20,baryonic,Baryonic Newtonian,0,qcopula,196,37694.0000,809.8520,38503.8520,196.4482
21,b21,baryonic,Baryonic Newtonian,0,qcopula,196,46115.7000,663.7270,46779.4270,238.6705
22,b22,baryonic,Baryonic Newtonian,0,qcopula,196,44829.9000,513.9300,45343.8300,231.3461
23,b23,baryonic,Baryonic Newtonian,0,qcopula,196,42193.3000,115.7970,42309.0970,215.8627
24,b24,baryonic,Baryonic Newtonian,0,qcopula,196,35396.6000,662.2610,36058.8610,183.9738
25,b25,baryonic,Baryonic Newtonian,0,qcopula,196,30944.9000,572.3720,31517.2720,160.8024
26,b26,baryonic,Baryonic Newtonian,0,qcopula,196,46959.2000,557.3140,47516.5140,242.4312
27,b27,baryonic,Baryonic Newtonian,0,qcopula,196,31198.9000,670.1140,31869.0140,162.5970
28,b28,baryonic,Baryonic Newtonian,0,qcopula,196,31129.5000,589.0610,31718.5610,161.8294
29,b29,baryonic,Baryonic Newtonian,0,qcopula,196,42023.0000,149.6320,42172.6320,215.1665
30,b30,baryonic,Baryonic Newtonian,0,qcopula,196,44403.2000,1017.9400,45421.1400,231.7405
31,b31,baryonic,Baryonic Newtonian,0,qcopula,196,37144.6000,842.4580,37987.0580,193.8115
32,b32,baryonic,Baryonic Newtonian,0,qcopula,196,41463.7000,1132.8300,42596.5300,217.3292
33,b33,baryonic,Baryonic Newtonian,0,qcopula,196,24438.6000,226.8940,24665.4940,125.8444
34,b34,baryonic,Baryonic Newtonian,0,qcopula,196,27312.7000,277.2640,27589.9640,140.7651
35,b35,baryonic,Baryonic Newtonian,0,qcopula,196,38973.4000,493.4260,39466.8260,201.3614
36,b36,baryonic,Baryonic Newtonian,0,qcopula,196,35039.7000,572.3140,35612.0140,181.6939
37,b37,baryonic,Baryonic Newtonian,0,qcopula,196,34351.1000,206.6350,34557.7350,176.3150
38,b38,baryonic,Baryonic Newtonian,0,qcopula,196,36513.4000,506.4050,37019.8050,188.8766
39,b39,baryonic,Baryonic Newtonian,0,qcopula,196,40933.8000,668.1690,41601.9690,212.2549
40,b40,baryonic,Baryonic Newtonian,0,qcopula,196,29128.7000,421.5820,29550.2820,150.7667
41,b41,baryonic,Baryonic Newtonian,0,qcopula,196,30741.0000,403.8320,31144.8320,158.9022
42,b42,baryonic,Baryonic Newtonian,0,qcopula,196,30318.7000,306.6570,30625.3570,156.2518
43,b43,baryonic,Baryonic Newtonian,0,qcopula,196,42637.9000,335.1450,42973.0450,219.2502
44,b44,baryonic,Baryonic Newtonian,0,qcopula,196,39309.8000,159.7260,39469.5260,201.3751
45,b45,baryonic,Baryonic Newtonian,0,qcopula,196,27824.8000,236.5660,28061.3660,143.1702
46,b46,baryonic,Baryonic Newtonian,0,qcopula,196,37149.5000,479.1930,37628.6930,191.9831
47,b47,baryonic,Baryonic Newtonian,0,qcopula,196,35411.2000,1161.7300,36572.9300,186.5966
48,b48,baryonic,Baryonic Newtonian,0,qcopula,196,26039.7000,317.9250,26357.6250,134.4777
49,b49,baryonic,Baryonic Newtonian,0,qcopula,196,29591.5000,460.8360,30052.3360,153.3282
50,b50,baryonic,Baryonic Newtonian,0,qcopula,196,40788.9000,354.4260,41143.3260,209.9149
51,b51,baryonic,Baryonic Newtonian,0,qcopula,196,29340.8000,154.6620,29495.4620,150.4871
52,b52,baryonic,Baryonic Newtonian,0,qcopula,196,32450.3000,226.8950,32677.1950,166.7204
53,b53,baryonic,Baryonic Newtonian,0,qcopula,196,51954.2000,742.8020,52697.0020,268.8623
54,b54,baryonic,Baryonic Newtonian,0,qcopula,196,52415.9000,791.5120,53207.4120,271.4664
55,b55,baryonic,Baryonic Newtonian,0,qcopula,196,34973.4000,677.4280,35650.8280,181.8920
56,b56,baryonic,Baryonic Newtonian,0,qcopula,196,49784.7000,604.9060,50389.6060,257.0898
57,b57,baryonic,Baryonic Newtonian,0,qcopula,196,37317.7000,583.3480,37901.0480,193.3727
58,b58,baryonic,Baryonic Newtonian,0,qcopula,196,40990.6000,799.6320,41790.2320,213.2155
59,b59,baryonic,Baryonic Newtonian,0,qcopula,196,36297.6000,195.2090,36492.8090,186.1878
60,b60,baryonic,Baryonic Newtonian,0,qcopula,196,40195.2000,199.9610,40395.1610,206.0978
61,b61,baryonic,Baryonic Newtonian,0,qcopula,196,40409.0000,344.3730,40753.3730,207.9254
62,b62,baryonic,Baryonic Newtonian,0,qcopula,196,42210.7000,224.9320,42435.6320,216.5083
63,b63,baryonic,Baryonic Newtonian,0,qcopula,196,38531.2000,241.6520,38772.8520,197.8207
64,b64,baryonic,Baryonic Newtonian,0,qcopula,196,52337.1000,703.8190,53040.9190,270.6169
65,b65,baryonic,Baryonic Newtonian,0,qcopula,196,44931.5000,503.9440,45435.4440,231.8135
66,b66,baryonic,Baryonic Newtonian,0,qcopula,196,32992.0000,810.8460,33802.8460,172.4635
67,b67,baryonic,Baryonic Newtonian,0,qcopula,196,28569.3000,294.9610,28864.2610,147.2666
68,b68,baryonic,Baryonic Newtonian,0,qcopula,196,47117.6000,494.9420,47612.5420,242.9211
69,b69,baryonic,Baryonic Newtonian,0,qcopula,196,25271.8000,218.5140,25490.3140,130.0526
70,b70,baryonic,Baryonic Newtonian,0,qcopula,196,37672.3000,344.9870,38017.2870,193.9658
71,b71,baryonic,Baryonic Newtonian,0,qcopula,196,40854.3000,906.6480,41760.9480,213.0661
72,b72,baryonic,Baryonic Newtonian,0,qcopula,196,40737.2000,931.8200,41669.0200,212.5970
73,b73,baryonic,Baryonic Newtonian,0,qcopula,196,49177.1000,681.2840,49858.3840,254.3795
74,b74,baryonic,Baryonic Newtonian,0,qcopula,196,35881.7000,346.9050,36228.6050,184.8398
75,b75,baryonic,Baryonic Newtonian,0,qcopula,196,31021.4000,364.3080,31385.7080,160.1312
76,b76,baryonic,Baryonic Newtonian,0,qcopula,196,25298.0000,319.2530,25617.2530,130.7003
77,b77,baryonic,Baryonic Newtonian,0,qcopula,196,29283.0000,545.3940,29828.3940,152.1857
78,b78,baryonic,Baryonic Newtonian,0,qcopula,196,27892.7000,386.9760,28279.6760,144.2841
79,b79,baryonic,Baryonic Newtonian,0,qcopula,196,37814.3000,413.3340,38227.6340,195.0389
80,b80,baryonic,Baryonic Newtonian,0,qcopula,196,31085.0000,159.2090,31244.2090,159.4092
81,b81,baryonic,Baryonic Newtonian,0,qcopula,196,43317.9000,202.6700,43520.5700,222.0437
82,b82,baryonic,Baryonic Newtonian,0,qcopula,196,42317.4000,434.3240,42751.7240,218.1210
83,b83,baryonic,Baryonic Newtonian,0,qcopula,196,47230.5000,867.5610,48098.0610,245.3983
84,b84,baryonic,Baryonic Newtonian,0,qcopula,196,39492.2000,429.4840,39921.6840,203.6821
85,b85,baryonic,Baryonic Newtonian,0,qcopula,196,33595.4000,388.1110,33983.5110,173.3853
86,b86,baryonic,Baryonic Newtonian,0,qcopula,196,42143.2000,301.4830,42444.6830,216.5545
87,b87,baryonic,Baryonic Newtonian,0,qcopula,196,39891.0000,901.8560,40792.8560,208.1268
88,b88,baryonic,Baryonic Newtonian,0,qcopula,196,40863.5000,430.7110,41294.2110,210.6848
89,b89,baryonic,Baryonic Newtonian,0,qcopula,196,27904.9000,416.9400,28321.8400,144.4992
90,b90,baryonic,Baryonic Newtonian,0,qcopula,196,42463.0000,1138.1100,43601.1100,222.4546
91,b91,baryonic,Baryonic Newtonian,0,qcopula,196,39172.7000,877.1870,40049.8870,204.3362
92,b92,baryonic,Baryonic Newtonian,0,qcopula,196,37240.4000,835.7870,38076.1870,194.2663
93,b93,baryonic,Baryonic Newtonian,0,qcopula,196,38311.1000,938.3240,39249.4240,200.2522
94,b94,baryonic,Baryonic Newtonian,0,qcopula,196,41569.9000,509.3060,42079.2060,214.6898
95,b95,baryonic,Baryonic Newtonian,0,qcopula,196,31475.9000,195.3660,31671.2660,161.5881
96,b96,baryonic,Baryonic Newtonian,0,qcopula,196,27868.6000,364.3190,28232.9190,144.0455
97,b97,baryonic,Baryonic Newtonian,0,qcopula,196,36238.9000,159.9860,36398.8860,185.7086
98,b98,baryonic,Baryonic Newtonian,0,qcopula,196,46588.9000,663.5340,47252.4340,241.0838
99,b99,baryonic,Baryonic Newtonian,0,qcopula,196,42240.6000,607.7580,42848.3580,218.6141
100,b100,baryonic,Baryonic Newtonian,0,qcopula,196,31959.6000,201.1020,32160.7020,164.0852
1,b1,qumond_simple,QUMOND simple,0,qcopula,196,1655.9600,173.2970,1829.2570,9.3329
2,b2,qumond_simple,QUMOND simple,0,qcopula,196,1584.7900,164.2060,1748.9960,8.9234
3,b3,qumond_simple,QUMOND simple,0,qcopula,196,375.8120,317.8050,693.6170,3.5389
4,b4,qumond_simple,QUMOND simple,0,qcopula,196,1580.6400,118.0530,1698.6930,8.6668
5,b5,qumond_simple,QUMOND simple,0,qcopula,196,689.7870,181.8420,871.6290,4.4471
6,b6,qumond_simple,QUMOND simple,0,qcopula,196,464.5360,323.4630,787.9990,4.0204
7,b7,qumond_simple,QUMOND simple,0,qcopula,196,561.7910,345.6500,907.4410,4.6298
8,b8,qumond_simple,QUMOND simple,0,qcopula,196,2074.6800,255.7900,2330.4700,11.8902
9,b9,qumond_simple,QUMOND simple,0,qcopula,196,565.4630,244.1160,809.5790,4.1305
10,b10,qumond_simple,QUMOND simple,0,qcopula,196,639.7370,111.5270,751.2640,3.8330
11,b11,qumond_simple,QUMOND simple,0,qcopula,196,2813.8000,136.3280,2950.1280,15.0517
12,b12,qumond_simple,QUMOND simple,0,qcopula,196,1185.5000,118.5370,1304.0370,6.6532
13,b13,qumond_simple,QUMOND simple,0,qcopula,196,2581.4100,206.9640,2788.3740,14.2264
14,b14,qumond_simple,QUMOND simple,0,qcopula,196,1252.4700,851.3510,2103.8210,10.7338
15,b15,qumond_simple,QUMOND simple,0,qcopula,196,1583.9100,164.4170,1748.3270,8.9200
16,b16,qumond_simple,QUMOND simple,0,qcopula,196,1396.2000,201.4290,1597.6290,8.1512
17,b17,qumond_simple,QUMOND simple,0,qcopula,196,388.6570,237.3560,626.0130,3.1939
18,b18,qumond_simple,QUMOND simple,0,qcopula,196,1227.0000,283.8430,1510.8430,7.7084
19,b19,qumond_simple,QUMOND simple,0,qcopula,196,321.1290,478.8910,800.0200,4.0817
20,b20,qumond_simple,QUMOND simple,0,qcopula,196,1083.5100,93.9495,1177.4595,6.0074
21,b21,qumond_simple,QUMOND simple,0,qcopula,196,2176.5200,130.6690,2307.1890,11.7714
22,b22,qumond_simple,QUMOND simple,0,qcopula,196,1736.5300,243.1400,1979.6700,10.1004
23,b23,qumond_simple,QUMOND simple,0,qcopula,196,1918.7500,749.7820,2668.5320,13.6150
24,b24,qumond_simple,QUMOND simple,0,qcopula,196,473.9020,163.5320,637.4340,3.2522
25,b25,qumond_simple,QUMOND simple,0,qcopula,196,672.6230,146.3130,818.9360,4.1782
26,b26,qumond_simple,QUMOND simple,0,qcopula,196,2595.3800,192.4830,2787.8630,14.2238
27,b27,qumond_simple,QUMOND simple,0,qcopula,196,830.5660,87.6227,918.1887,4.6846
28,b28,qumond_simple,QUMOND simple,0,qcopula,196,562.8330,191.7580,754.5910,3.8500
29,b29,qumond_simple,QUMOND simple,0,qcopula,196,1620.9600,629.1700,2250.1300,11.4803
30,b30,qumond_simple,QUMOND simple,0,qcopula,196,1551.2800,116.7440,1668.0240,8.5103
31,b31,qumond_simple,QUMOND simple,0,qcopula,196,567.4680,145.4840,712.9520,3.6375
32,b32,qumond_simple,QUMOND simple,0,qcopula,196,1478.3500,107.7580,1586.1080,8.0924
33,b33,qumond_simple,QUMOND simple,0,qcopula,196,700.8030,405.3780,1106.1810,5.6438
34,b34,qumond_simple,QUMOND simple,0,qcopula,196,581.2060,344.4550,925.6610,4.7228
35,b35,qumond_simple,QUMOND simple,0,qcopula,196,550.1750,217.6540,767.8290,3.9175
36,b36,qumond_simple,QUMOND simple,0,qcopula,196,615.3120,171.6080,786.9200,4.0149
37,b37,qumond_simple,QUMOND simple,0,qcopula,196,570.8790,522.0070,1092.8860,5.5759
38,b38,qumond_simple,QUMOND simple,0,qcopula,196,401.2210,243.2800,644.5010,3.2883
39,b39,qumond_simple,QUMOND simple,0,qcopula,196,892.1410,164.8850,1057.0260,5.3930
40,b40,qumond_simple,QUMOND simple,0,qcopula,196,523.0190,254.2460,777.2650,3.9656
41,b41,qumond_simple,QUMOND simple,0,qcopula,196,399.1240,291.5430,690.6670,3.5238
42,b42,qumond_simple,QUMOND simple,0,qcopula,196,401.9960,314.0760,716.0720,3.6534
43,b43,qumond_simple,QUMOND simple,0,qcopula,196,1695.1000,312.9340,2008.0340,10.2451
44,b44,qumond_simple,QUMOND simple,0,qcopula,196,833.6520,587.2340,1420.8860,7.2494
45,b45,qumond_simple,QUMOND simple,0,qcopula,196,389.3300,394.6340,783.9640,3.9998
46,b46,qumond_simple,QUMOND simple,0,qcopula,196,465.0090,279.3740,744.3830,3.7979
47,b47,qumond_simple,QUMOND simple,0,qcopula,196,1269.6200,119.7950,1389.4150,7.0889
48,b48,qumond_simple,QUMOND simple,0,qcopula,196,643.7070,256.4360,900.1430,4.5926
49,b49,qumond_simple,QUMOND simple,0,qcopula,196,468.5340,241.7270,710.2610,3.6238
50,b50,qumond_simple,QUMOND simple,0,qcopula,196,1049.5900,450.8520,1500.4420,7.6553
51,b51,qumond_simple,QUMOND simple,0,qcopula,196,369.1770,570.8610,940.0380,4.7961
52,b52,qumond_simple,QUMOND simple,0,qcopula,196,450.4520,423.0720,873.5240,4.4568
53,b53,qumond_simple,QUMOND simple,0,qcopula,196,2744.6100,135.6580,2880.2680,14.6952
54,b54,qumond_simple,QUMOND simple,0,qcopula,196,2902.9400,129.0940,3032.0340,15.4696
55,b55,qumond_simple,QUMOND simple,0,qcopula,196,491.0740,142.9490,634.0230,3.2348
56,b56,qumond_simple,QUMOND simple,0,qcopula,196,2808.4700,177.1570,2985.6270,15.2328
57,b57,qumond_simple,QUMOND simple,0,qcopula,196,818.7780,140.4700,959.2480,4.8941
58,b58,qumond_simple,QUMOND simple,0,qcopula,196,1032.2600,151.7800,1184.0400,6.0410
59,b59,qumond_simple,QUMOND simple,0,qcopula,196,558.7230,578.6780,1137.4010,5.8031
60,b60,qumond_simple,QUMOND simple,0,qcopula,196,1658.0600,461.4340,2119.4940,10.8137
61,b61,qumond_simple,QUMOND simple,0,qcopula,196,1402.1200,303.5540,1705.6740,8.7024
62,b62,qumond_simple,QUMOND simple,0,qcopula,196,1073.4500,485.3360,1558.7860,7.9530
63,b63,qumond_simple,QUMOND simple,0,qcopula,196,1314.4200,397.5870,1712.0070,8.7347
64,b64,qumond_simple,QUMOND simple,0,qcopula,196,3230.6800,152.2210,3382.9010,17.2597
65,b65,qumond_simple,QUMOND simple,0,qcopula,196,2204.5700,222.9860,2427.5560,12.3855
66,b66,qumond_simple,QUMOND simple,0,qcopula,196,684.8260,148.9280,833.7540,4.2538
67,b67,qumond_simple,QUMOND simple,0,qcopula,196,358.6870,333.1190,691.8060,3.5296
68,b68,qumond_simple,QUMOND simple,0,qcopula,196,2466.8400,212.6080,2679.4480,13.6707
69,b69,qumond_simple,QUMOND simple,0,qcopula,196,695.4480,393.8850,1089.3330,5.5578
70,b70,qumond_simple,QUMOND simple,0,qcopula,196,411.8940,348.3440,760.2380,3.8788
71,b71,qumond_simple,QUMOND simple,0,qcopula,196,1199.9200,111.6600,1311.5800,6.6917
72,b72,qumond_simple,QUMOND simple,0,qcopula,196,1071.8600,127.3130,1199.1730,6.1182
73,b73,qumond_simple,QUMOND simple,0,qcopula,196,1987.4000,166.7130,2154.1130,10.9904
74,b74,qumond_simple,QUMOND simple,0,qcopula,196,892.2970,266.2670,1158.5640,5.9110
75,b75,qumond_simple,QUMOND simple,0,qcopula,196,367.0730,266.9160,633.9890,3.2346
76,b76,qumond_simple,QUMOND simple,0,qcopula,196,757.7960,310.4890,1068.2850,5.4504
77,b77,qumond_simple,QUMOND simple,0,qcopula,196,797.5220,202.1220,999.6440,5.1002
78,b78,qumond_simple,QUMOND simple,0,qcopula,196,644.4180,261.6870,906.1050,4.6230
79,b79,qumond_simple,QUMOND simple,0,qcopula,196,693.0770,285.6160,978.6930,4.9933
80,b80,qumond_simple,QUMOND simple,0,qcopula,196,456.1810,578.4910,1034.6720,5.2789
81,b81,qumond_simple,QUMOND simple,0,qcopula,196,2389.6600,468.0960,2857.7560,14.5804
82,b82,qumond_simple,QUMOND simple,0,qcopula,196,2042.5600,215.4850,2258.0450,11.5206
83,b83,qumond_simple,QUMOND simple,0,qcopula,196,2189.2200,114.2200,2303.4400,11.7522
84,b84,qumond_simple,QUMOND simple,0,qcopula,196,1063.7900,245.4360,1309.2260,6.6797
85,b85,qumond_simple,QUMOND simple,0,qcopula,196,623.1580,216.3520,839.5100,4.2832
86,b86,qumond_simple,QUMOND simple,0,qcopula,196,1367.5400,387.9170,1755.4570,8.9564
87,b87,qumond_simple,QUMOND simple,0,qcopula,196,1197.8100,124.6160,1322.4260,6.7471
88,b88,qumond_simple,QUMOND simple,0,qcopula,196,1092.9100,306.3650,1399.2750,7.1392
89,b89,qumond_simple,QUMOND simple,0,qcopula,196,770.8790,253.5490,1024.4280,5.2267
90,b90,qumond_simple,QUMOND simple,0,qcopula,196,1679.2600,106.9810,1786.2410,9.1135
91,b91,qumond_simple,QUMOND simple,0,qcopula,196,962.5840,118.3780,1080.9620,5.5151
92,b92,qumond_simple,QUMOND simple,0,qcopula,196,774.8570,147.8910,922.7480,4.7079
93,b93,qumond_simple,QUMOND simple,0,qcopula,196,1087.8200,86.8088,1174.6288,5.9930
94,b94,qumond_simple,QUMOND simple,0,qcopula,196,634.2520,249.0590,883.3110,4.5067
95,b95,qumond_simple,QUMOND simple,0,qcopula,196,304.8410,525.8280,830.6690,4.2381
96,b96,qumond_simple,QUMOND simple,0,qcopula,196,489.4730,268.1780,757.6510,3.8656
97,b97,qumond_simple,QUMOND simple,0,qcopula,196,749.7920,539.5900,1289.3820,6.5785
98,b98,qumond_simple,QUMOND simple,0,qcopula,196,2162.7100,151.5770,2314.2870,11.8076
99,b99,qumond_simple,QUMOND simple,0,qcopula,196,1570.0200,136.3380,1706.3580,8.7059
100,b100,qumond_simple,QUMOND simple,0,qcopula,196,315.4830,496.4500,811.9330,4.1425
1,b1,qumond_standard,QUMOND standard,0,qcopula,196,13135.1000,108.2410,13243.3410,67.5681
2,b2,qumond_standard,QUMOND standard,0,qcopula,196,13182.7000,203.7290,13386.4290,68.2981
3,b3,qumond_standard,QUMOND standard,0,qcopula,196,6658.8700,63.9456,6722.8156,34.3001
4,b4,qumond_standard,QUMOND standard,0,qcopula,196,12557.3000,177.7700,12735.0700,64.9748
5,b5,qumond_standard,QUMOND standard,0,qcopula,196,4699.7000,206.9800,4906.6800,25.0341
6,b6,qumond_standard,QUMOND standard,0,qcopula,196,5305.9700,91.5587,5397.5287,27.5384
7,b7,qumond_standard,QUMOND standard,0,qcopula,196,4724.5000,86.6976,4811.1976,24.5469
8,b8,qumond_standard,QUMOND standard,0,qcopula,196,14465.5000,61.6053,14527.1053,74.1179
9,b9,qumond_standard,QUMOND standard,0,qcopula,196,4927.9800,137.0400,5065.0200,25.8419
10,b10,qumond_standard,QUMOND standard,0,qcopula,196,8071.7100,246.9090,8318.6190,42.4419
11,b11,qumond_standard,QUMOND standard,0,qcopula,196,16343.0000,210.0260,16553.0260,84.4542
12,b12,qumond_standard,QUMOND standard,0,qcopula,196,7078.9100,459.7320,7538.6420,38.4625
13,b13,qumond_standard,QUMOND standard,0,qcopula,196,15949.9000,97.4239,16047.3239,81.8741
14,b14,qumond_standard,QUMOND standard,0,qcopula,196,11664.2000,194.5190,11858.7190,60.5037
15,b15,qumond_standard,QUMOND standard,0,qcopula,196,13086.1000,120.6380,13206.7380,67.3813
16,b16,qumond_standard,QUMOND standard,0,qcopula,196,11756.7000,89.1664,11845.8664,60.4381
17,b17,qumond_standard,QUMOND standard,0,qcopula,196,7700.6200,103.5690,7804.1890,39.8173
18,b18,qumond_standard,QUMOND standard,0,qcopula,196,12128.9000,67.7382,12196.6382,62.2277
19,b19,qumond_standard,QUMOND standard,0,qcopula,196,6387.3900,95.2750,6482.6650,33.0748
20,b20,qumond_standard,QUMOND standard,0,qcopula,196,9633.1200,244.8240,9877.9440,50.3977
21,b21,qumond_standard,QUMOND standard,0,qcopula,196,14031.4000,150.7040,14182.1040,72.3577
22,b22,qumond_standard,QUMOND standard,0,qcopula,196,13809.2000,136.1540,13945.3540,71.1498
23,b23,qumond_standard,QUMOND standard,0,qcopula,196,13663.6000,154.5590,13818.1590,70.5008
24,b24,qumond_standard,QUMOND standard,0,qcopula,196,7537.1200,212.5040,7749.6240,39.5389
25,b25,qumond_standard,QUMOND standard,0,qcopula,196,5819.5000,158.9900,5978.4900,30.5025
26,b26,qumond_standard,QUMOND standard,0,qcopula,196,15793.3000,122.6880,15915.9880,81.2040
27,b27,qumond_standard,QUMOND standard,0,qcopula,196,7034.9200,181.4530,7216.3730,36.8182
28,b28,qumond_standard,QUMOND standard,0,qcopula,196,5175.7800,195.1690,5370.9490,27.4028
29,b29,qumond_standard,QUMOND standard,0,qcopula,196,13333.6000,114.8020,13448.4020,68.6143
30,b30,qumond_standard,QUMOND standard,0,qcopula,196,12391.5000,362.1400,12753.6400,65.0696
31,b31,qumond_standard,QUMOND standard,0,qcopula,196,7669.2700,305.0000,7974.2700,40.6851
32,b32,qumond_standard,QUMOND standard,0,qcopula,196,10465.5000,423.9930,10889.4930,55.5586
33,b33,qumond_standard,QUMOND standard,0,qcopula,196,4367.2800,84.5370,4451.8170,22.7134
34,b34,qumond_standard,QUMOND standard,0,qcopula,196,4793.3500,81.8419,4875.1919,24.8734
35,b35,qumond_standard,QUMOND standard,0,qcopula,196,9245.0500,121.9640,9367.0140,47.7909
36,b36,qumond_standard,QUMOND standard,0,qcopula,196,8787.4700,158.3040,8945.7740,45.6417
37,b37,qumond_standard,QUMOND standard,0,qcopula,196,9052.7900,109.3310,9162.1210,46.7455
38,b38,qumond_standard,QUMOND standard,0,qcopula,196,8563.7500,155.1200,8718.8700,44.4840
39,b39,qumond_standard,QUMOND standard,0,qcopula,196,10412.8000,193.8900,10606.6900,54.1158
40,b40,qumond_standard,QUMOND standard,0,qcopula,196,5633.8200,125.6490,5759.4690,29.3850
41,b41,qumond_standard,QUMOND standard,0,qcopula,196,5337.7200,130.5780,5468.2980,27.8995
42,b42,qumond_standard,QUMOND standard,0,qcopula,196,7295.2100,79.2360,7374.4460,37.6247
43,b43,qumond_standard,QUMOND standard,0,qcopula,196,13327.2000,59.5756,13386.7756,68.2999
44,b44,qumond_standard,QUMOND standard,0,qcopula,196,10585.8000,104.2090,10690.0090,54.5409
45,b45,qumond_standard,QUMOND standard,0,qcopula,196,5809.5700,78.1164,5887.6864,30.0392
46,b46,qumond_standard,QUMOND standard,0,qcopula,196,8558.1400,157.5020,8715.6420,44.4676
47,b47,qumond_standard,QUMOND standard,0,qcopula,196,8102.9500,475.8860,8578.8360,43.7696
48,b48,qumond_standard,QUMOND standard,0,qcopula,196,5292.6100,65.6649,5358.2749,27.3381
49,b49,qumond_standard,QUMOND standard,0,qcopula,196,5923.3500,144.2640,6067.6140,30.9572
50,b50,qumond_standard,QUMOND standard,0,qcopula,196,11489.6000,153.5680,11643.1680,59.4039
51,b51,qumond_standard,QUMOND standard,0,qcopula,196,7372.6300,108.1770,7480.8070,38.1674
52,b52,qumond_standard,QUMOND standard,0,qcopula,196,8776.5400,75.0427,8851.5827,45.1611
53,b53,qumond_standard,QUMOND standard,0,qcopula,196,16151.5000,187.9730,16339.4730,83.3647
54,b54,qumond_standard,QUMOND standard,0,qcopula,196,16350.3000,209.7220,16560.0220,84.4899
55,b55,qumond_standard,QUMOND standard,0,qcopula,196,7967.4100,209.8530,8177.2630,41.7207
56,b56,qumond_standard,QUMOND standard,0,qcopula,196,16462.3000,135.5460,16597.8460,84.6829
57,b57,qumond_standard,QUMOND standard,0,qcopula,196,9144.1700,136.9330,9281.1030,47.3526
58,b58,qumond_standard,QUMOND standard,0,qcopula,196,10858.9000,271.5150,11130.4150,56.7878
59,b59,qumond_standard,QUMOND standard,0,qcopula,196,8752.5800,126.4160,8878.9960,45.3010
60,b60,qumond_standard,QUMOND standard,0,qcopula,196,12962.3000,58.1985,13020.4985,66.4311
61,b61,qumond_standard,QUMOND standard,0,qcopula,196,12794.6000,69.3371,12863.9371,65.6323
62,b62,qumond_standard,QUMOND standard,0,qcopula,196,11601.1000,87.6194,11688.7194,59.6363
63,b63,qumond_standard,QUMOND standard,0,qcopula,196,11865.0000,53.7517,11918.7517,60.8100
64,b64,qumond_standard,QUMOND standard,0,qcopula,196,17275.0000,173.6240,17448.6240,89.0236
65,b65,qumond_standard,QUMOND standard,0,qcopula,196,14857.7000,114.4850,14972.1850,76.3887
66,b66,qumond_standard,QUMOND standard,0,qcopula,196,6646.6700,300.9790,6947.6490,35.4472
67,b67,qumond_standard,QUMOND standard,0,qcopula,196,5906.4300,83.6320,5990.0620,30.5615
68,b68,qumond_standard,QUMOND standard,0,qcopula,196,15635.3000,94.5789,15729.8789,80.2545
69,b69,qumond_standard,QUMOND standard,0,qcopula,196,4463.8600,71.9103,4535.7703,23.1417
70,b70,qumond_standard,QUMOND standard,0,qcopula,196,8724.3500,102.5960,8826.9460,45.0354
71,b71,qumond_standard,QUMOND standard,0,qcopula,196,10363.8000,303.3080,10667.1080,54.4240
72,b72,qumond_standard,QUMOND standard,0,qcopula,196,9912.6900,335.7600,10248.4500,52.2880
73,b73,qumond_standard,QUMOND standard,0,qcopula,196,14214.6000,177.4580,14392.0580,73.4289
74,b74,qumond_standard,QUMOND standard,0,qcopula,196,10517.0000,58.1558,10575.1558,53.9549
75,b75,qumond_standard,QUMOND standard,0,qcopula,196,7242.6700,88.9466,7331.6166,37.4062
76,b76,qumond_standard,QUMOND standard,0,qcopula,196,4306.2100,97.8003,4404.0103,22.4694
77,b77,qumond_standard,QUMOND standard,0,qcopula,196,4622.3800,179.5460,4801.9260,24.4996
78,b78,qumond_standard,QUMOND standard,0,qcopula,196,4807.7600,111.2690,4919.0290,25.0971
79,b79,qumond_standard,QUMOND standard,0,qcopula,196,10231.8000,113.5360,10345.3360,52.7823
80,b80,qumond_standard,QUMOND standard,0,qcopula,196,8269.3000,112.5450,8381.8450,42.7645
81,b81,qumond_standard,QUMOND standard,0,qcopula,196,15288.7000,60.1032,15348.8032,78.3102
82,b82,qumond_standard,QUMOND standard,0,qcopula,196,14091.8000,64.7449,14156.5449,72.2273
83,b83,qumond_standard,QUMOND standard,0,qcopula,196,14566.2000,261.6860,14827.8860,75.6525
84,b84,qumond_standard,QUMOND standard,0,qcopula,196,11550.5000,95.1370,11645.6370,59.4165
85,b85,qumond_standard,QUMOND standard,0,qcopula,196,8515.5400,65.1511,8580.6911,43.7790
86,b86,qumond_standard,QUMOND standard,0,qcopula,196,12624.4000,83.2305,12707.6305,64.8348
87,b87,qumond_standard,QUMOND standard,0,qcopula,196,10926.2000,316.0170,11242.2170,57.3583
88,b88,qumond_standard,QUMOND standard,0,qcopula,196,11804.8000,129.1010,11933.9010,60.8873
89,b89,qumond_standard,QUMOND standard,0,qcopula,196,4651.0700,126.8710,4777.9410,24.3773
90,b90,qumond_standard,QUMOND standard,0,qcopula,196,11630.6000,421.9630,12052.5630,61.4927
91,b91,qumond_standard,QUMOND standard,0,qcopula,196,10056.7000,298.1470,10354.8470,52.8309
92,b92,qumond_standard,QUMOND standard,0,qcopula,196,8613.8400,305.6760,8919.5160,45.5077
93,b93,qumond_standard,QUMOND standard,0,qcopula,196,9648.3100,314.7760,9963.0860,50.8321
94,b94,qumond_standard,QUMOND standard,0,qcopula,196,9938.3000,144.4420,10082.7420,51.4426
95,b95,qumond_standard,QUMOND standard,0,qcopula,196,6642.9400,107.8650,6750.8050,34.4429
96,b96,qumond_standard,QUMOND standard,0,qcopula,196,5536.8500,98.8054,5635.6554,28.7533
97,b97,qumond_standard,QUMOND standard,0,qcopula,196,9525.3200,82.5916,9607.9116,49.0200
98,b98,qumond_standard,QUMOND standard,0,qcopula,196,14697.5000,165.4670,14862.9670,75.8315
99,b99,qumond_standard,QUMOND standard,0,qcopula,196,12304.5000,129.3710,12433.8710,63.4381
100,b100,qumond_standard,QUMOND standard,0,qcopula,196,7059.8100,98.2037,7158.0137,36.5205
1,b1,qumond_mls,QUMOND MLS/RAR,0,old_stochastic,196,10756.4000,129.8960,10886.2960,55.5423
2,b2,qumond_mls,QUMOND MLS/RAR,0,old_stochastic,196,11295.6000,124.6830,11420.2830,58.2668
3,b3,qumond_mls,QUMOND MLS/RAR,0,old_stochastic,196,10605.9000,140.3530,10746.2530,54.8278
4,b4,qumond_mls,QUMOND MLS/RAR,0,old_stochastic,196,10297.8000,214.8970,10512.6970,53.6362
5,b5,qumond_mls,QUMOND MLS/RAR,0,old_stochastic,196,10675.9000,135.8910,10811.7910,55.1622
6,b6,qumond_mls,QUMOND MLS/RAR,0,old_stochastic,196,10855.3000,123.4330,10978.7330,56.0139
7,b7,qumond_mls,QUMOND MLS/RAR,0,old_stochastic,196,10165.9000,172.0910,10337.9910,52.7449
8,b8,qumond_mls,QUMOND MLS/RAR,0,old_stochastic,196,10551.9000,173.1040,10725.0040,54.7194
9,b9,qumond_mls,QUMOND MLS/RAR,0,old_stochastic,196,9078.9700,104.8250,9183.7950,46.8561
10,b10,qumond_mls,QUMOND MLS/RAR,0,old_stochastic,196,8401.1400,139.1720,8540.3120,43.5730
11,b11,qumond_mls,QUMOND MLS/RAR,0,old_stochastic,196,11027.1000,126.3500,11153.4500,56.9054
12,b12,qumond_mls,QUMOND MLS/RAR,0,old_stochastic,196,7996.3700,102.3480,8098.7180,41.3200
13,b13,qumond_mls,QUMOND MLS/RAR,0,old_stochastic,196,10922.6000,151.7670,11074.3670,56.5019
14,b14,qumond_mls,QUMOND MLS/RAR,0,old_stochastic,196,5702.7500,113.9500,5816.7000,29.6770
15,b15,qumond_mls,QUMOND MLS/RAR,0,old_stochastic,196,5486.7500,108.8530,5595.6030,28.5490
16,b16,qumond_mls,QUMOND MLS/RAR,0,old_stochastic,196,11090.9000,143.6480,11234.5480,57.3191
17,b17,qumond_mls,QUMOND MLS/RAR,0,old_stochastic,196,5198.2200,110.5450,5308.7650,27.0855
18,b18,qumond_mls,QUMOND MLS/RAR,0,old_stochastic,196,10065.0000,202.0170,10267.0170,52.3827
19,b19,qumond_mls,QUMOND MLS/RAR,0,old_stochastic,196,4602.0400,123.9390,4725.9790,24.1121
20,b20,qumond_mls,QUMOND MLS/RAR,0,old_stochastic,196,6762.8900,167.1300,6930.0200,35.3572
21,b21,qumond_mls,QUMOND MLS/RAR,0,old_stochastic,196,7002.9600,149.7700,7152.7300,36.4935
22,b22,qumond_mls,QUMOND MLS/RAR,0,old_stochastic,196,4852.5000,108.1220,4960.6220,25.3093
23,b23,qumond_mls,QUMOND MLS/RAR,0,old_stochastic,196,4296.9000,118.3310,4415.2310,22.5267
24,b24,qumond_mls,QUMOND MLS/RAR,0,old_stochastic,196,7536.7700,236.8490,7773.6190,39.6613
25,b25,qumond_mls,QUMOND MLS/RAR,0,old_stochastic,196,5553.1000,104.0420,5657.1420,28.8630
26,b26,qumond_mls,QUMOND MLS/RAR,0,old_stochastic,196,4315.5900,154.1830,4469.7730,22.8050
27,b27,qumond_mls,QUMOND MLS/RAR,0,old_stochastic,196,4009.3200,115.3290,4124.6490,21.0441
28,b28,qumond_mls,QUMOND MLS/RAR,0,old_stochastic,196,4149.0500,118.5980,4267.6480,21.7737
29,b29,qumond_mls,QUMOND MLS/RAR,0,old_stochastic,196,3657.6000,152.4530,3810.0530,19.4390
30,b30,qumond_mls,QUMOND MLS/RAR,0,old_stochastic,196,4332.2400,173.5060,4505.7460,22.9885
31,b31,qumond_mls,QUMOND MLS/RAR,0,old_stochastic,196,3301.5200,150.9080,3452.4280,17.6144
32,b32,qumond_mls,QUMOND MLS/RAR,0,old_stochastic,196,3244.5100,135.2800,3379.7900,17.2438
33,b33,qumond_mls,QUMOND MLS/RAR,0,old_stochastic,196,2889.4500,158.6150,3048.0650,15.5514
34,b34,qumond_mls,QUMOND MLS/RAR,0,old_stochastic,196,3863.4600,138.8370,4002.2970,20.4199
35,b35,qumond_mls,QUMOND MLS/RAR,0,old_stochastic,196,3659.3700,122.9440,3782.3140,19.2975
36,b36,qumond_mls,QUMOND MLS/RAR,0,old_stochastic,196,2917.9300,124.7820,3042.7120,15.5240
37,b37,qumond_mls,QUMOND MLS/RAR,0,old_stochastic,196,2730.4600,132.9440,2863.4040,14.6092
38,b38,qumond_mls,QUMOND MLS/RAR,0,old_stochastic,196,2771.1800,138.5010,2909.6810,14.8453
39,b39,qumond_mls,QUMOND MLS/RAR,0,old_stochastic,196,3333.7600,162.5270,3496.2870,17.8382
40,b40,qumond_mls,QUMOND MLS/RAR,0,old_stochastic,196,2375.0500,182.5970,2557.6470,13.0492
41,b41,qumond_mls,QUMOND MLS/RAR,0,old_stochastic,196,2338.3600,184.0800,2522.4400,12.8696
42,b42,qumond_mls,QUMOND MLS/RAR,0,old_stochastic,196,2594.7600,191.0380,2785.7980,14.2133
43,b43,qumond_mls,QUMOND MLS/RAR,0,old_stochastic,196,2711.1300,169.1890,2880.3190,14.6955
44,b44,qumond_mls,QUMOND MLS/RAR,0,old_stochastic,196,2386.6400,264.2490,2650.8890,13.5249
45,b45,qumond_mls,QUMOND MLS/RAR,0,old_stochastic,196,2145.3600,219.5480,2364.9080,12.0659
46,b46,qumond_mls,QUMOND MLS/RAR,0,old_stochastic,196,1836.9400,186.1110,2023.0510,10.3217
47,b47,qumond_mls,QUMOND MLS/RAR,0,old_stochastic,196,1707.1200,212.8720,1919.9920,9.7959
48,b48,qumond_mls,QUMOND MLS/RAR,0,old_stochastic,196,1607.0100,137.9670,1744.9770,8.9029
49,b49,qumond_mls,QUMOND MLS/RAR,0,old_stochastic,196,1350.5800,148.8750,1499.4550,7.6503
50,b50,qumond_mls,QUMOND MLS/RAR,0,old_stochastic,196,1945.7500,190.1570,2135.9070,10.8975
51,b51,qumond_mls,QUMOND MLS/RAR,0,old_stochastic,196,1283.3100,200.0610,1483.3710,7.5682
52,b52,qumond_mls,QUMOND MLS/RAR,0,old_stochastic,196,1063.1800,210.4950,1273.6750,6.4983
53,b53,qumond_mls,QUMOND MLS/RAR,0,old_stochastic,196,1301.4200,198.6430,1500.0630,7.6534
54,b54,qumond_mls,QUMOND MLS/RAR,0,old_stochastic,196,1000.6500,231.4980,1232.1480,6.2865
55,b55,qumond_mls,QUMOND MLS/RAR,0,old_stochastic,196,975.5480,189.0380,1164.5860,5.9418
56,b56,qumond_mls,QUMOND MLS/RAR,0,old_stochastic,196,1220.8600,281.4120,1502.2720,7.6647
57,b57,qumond_mls,QUMOND MLS/RAR,0,old_stochastic,196,1008.3000,253.9610,1262.2610,6.4401
58,b58,qumond_mls,QUMOND MLS/RAR,0,old_stochastic,196,1276.2200,181.1440,1457.3640,7.4355
59,b59,qumond_mls,QUMOND MLS/RAR,0,old_stochastic,196,1104.6200,191.0690,1295.6890,6.6107
60,b60,qumond_mls,QUMOND MLS/RAR,0,old_stochastic,196,1077.1800,251.1630,1328.3430,6.7773
61,b61,qumond_mls,QUMOND MLS/RAR,0,old_stochastic,196,1076.2000,257.0310,1333.2310,6.8022
62,b62,qumond_mls,QUMOND MLS/RAR,0,old_stochastic,196,799.9070,349.1810,1149.0880,5.8627
63,b63,qumond_mls,QUMOND MLS/RAR,0,old_stochastic,196,660.3720,318.2140,978.5860,4.9928
64,b64,qumond_mls,QUMOND MLS/RAR,0,old_stochastic,196,909.0930,227.1390,1136.2320,5.7971
65,b65,qumond_mls,QUMOND MLS/RAR,0,old_stochastic,196,722.3450,226.4980,948.8430,4.8410
66,b66,qumond_mls,QUMOND MLS/RAR,0,old_stochastic,196,559.9280,270.3620,830.2900,4.2362
67,b67,qumond_mls,QUMOND MLS/RAR,0,old_stochastic,196,874.3830,272.5940,1146.9770,5.8519
68,b68,qumond_mls,QUMOND MLS/RAR,0,old_stochastic,196,567.3730,278.5750,845.9480,4.3161
69,b69,qumond_mls,QUMOND MLS/RAR,0,old_stochastic,196,479.6420,325.6440,805.2860,4.1086
70,b70,qumond_mls,QUMOND MLS/RAR,0,old_stochastic,196,569.3030,313.7700,883.0730,4.5055
71,b71,qumond_mls,QUMOND MLS/RAR,0,old_stochastic,196,661.6570,290.0460,951.7030,4.8556
72,b72,qumond_mls,QUMOND MLS/RAR,0,old_stochastic,196,511.0500,256.6360,767.6860,3.9168
73,b73,qumond_mls,QUMOND MLS/RAR,0,old_stochastic,196,496.0810,298.5880,794.6690,4.0544
74,b74,qumond_mls,QUMOND MLS/RAR,0,old_stochastic,196,565.0530,293.2940,858.3470,4.3793
75,b75,qumond_mls,QUMOND MLS/RAR,0,old_stochastic,196,567.5140,380.9840,948.4980,4.8393
76,b76,qumond_mls,QUMOND MLS/RAR,0,old_stochastic,196,666.1530,259.1610,925.3140,4.7210
77,b77,qumond_mls,QUMOND MLS/RAR,0,old_stochastic,196,525.6340,380.4950,906.1290,4.6231
78,b78,qumond_mls,QUMOND MLS/RAR,0,old_stochastic,196,556.0510,438.8810,994.9320,5.0762
79,b79,qumond_mls,QUMOND MLS/RAR,0,old_stochastic,196,588.0590,500.5580,1088.6170,5.5542
80,b80,qumond_mls,QUMOND MLS/RAR,0,old_stochastic,196,840.6140,294.7460,1135.3600,5.7927
81,b81,qumond_mls,QUMOND MLS/RAR,0,old_stochastic,196,576.7560,321.8020,898.5580,4.5845
82,b82,qumond_mls,QUMOND MLS/RAR,0,old_stochastic,196,846.4770,369.9480,1216.4250,6.2062
83,b83,qumond_mls,QUMOND MLS/RAR,0,old_stochastic,196,567.4930,381.4120,948.9050,4.8414
84,b84,qumond_mls,QUMOND MLS/RAR,0,old_stochastic,196,882.8270,368.3550,1251.1820,6.3836
85,b85,qumond_mls,QUMOND MLS/RAR,0,old_stochastic,196,460.6190,327.9180,788.5370,4.0231
86,b86,qumond_mls,QUMOND MLS/RAR,0,old_stochastic,196,399.8510,336.5860,736.4370,3.7573
87,b87,qumond_mls,QUMOND MLS/RAR,0,old_stochastic,196,823.2880,416.8750,1240.1630,6.3274
88,b88,qumond_mls,QUMOND MLS/RAR,0,old_stochastic,196,531.9730,434.8130,966.7860,4.9326
89,b89,qumond_mls,QUMOND MLS/RAR,0,old_stochastic,196,535.5610,322.8920,858.4530,4.3799
90,b90,qumond_mls,QUMOND MLS/RAR,0,old_stochastic,196,611.0850,327.5050,938.5900,4.7887
91,b91,qumond_mls,QUMOND MLS/RAR,0,old_stochastic,196,513.2150,381.7630,894.9780,4.5662
92,b92,qumond_mls,QUMOND MLS/RAR,0,old_stochastic,196,701.3690,427.7740,1129.1430,5.7609
93,b93,qumond_mls,QUMOND MLS/RAR,0,old_stochastic,196,610.8670,436.2620,1047.1290,5.3425
94,b94,qumond_mls,QUMOND MLS/RAR,0,old_stochastic,196,578.2270,421.2210,999.4480,5.0992
95,b95,qumond_mls,QUMOND MLS/RAR,0,old_stochastic,196,517.0000,345.7680,862.7680,4.4019
96,b96,qumond_mls,QUMOND MLS/RAR,0,old_stochastic,196,516.0460,365.8510,881.8970,4.4995
97,b97,qumond_mls,QUMOND MLS/RAR,0,old_stochastic,196,452.3730,422.9700,875.3430,4.4660
98,b98,qumond_mls,QUMOND MLS/RAR,0,old_stochastic,196,494.2120,386.2340,880.4460,4.4921
99,b99,qumond_mls,QUMOND MLS/RAR,0,old_stochastic,196,459.2460,431.7180,890.9640,4.5457
100,b100,qumond_mls,QUMOND MLS/RAR,0,old_stochastic,196,523.7950,419.8450,943.6400,4.8145
1,b1,stvg,STVG,1,qcopula,195,1594.1800,223.1710,1817.3510,9.3197
2,b2,stvg,STVG,1,qcopula,195,1997.7500,342.4250,2340.1750,12.0009
3,b3,stvg,STVG,1,qcopula,195,849.7800,131.2370,981.0170,5.0309
4,b4,stvg,STVG,1,qcopula,195,1213.7500,316.9080,1530.6580,7.8495
5,b5,stvg,STVG,1,qcopula,195,371.3040,356.0900,727.3940,3.7302
6,b6,stvg,STVG,1,qcopula,195,637.0200,165.4320,802.4520,4.1151
7,b7,stvg,STVG,1,qcopula,195,633.2000,154.4070,787.6070,4.0390
8,b8,stvg,STVG,1,qcopula,195,2471.4700,142.9830,2614.4530,13.4075
9,b9,stvg,STVG,1,qcopula,195,694.1350,251.9960,946.1310,4.8520
10,b10,stvg,STVG,1,qcopula,195,548.0100,416.0660,964.0760,4.9440
11,b11,stvg,STVG,1,qcopula,195,2472.7600,352.2270,2824.9870,14.4871
12,b12,stvg,STVG,1,qcopula,195,585.3070,634.3410,1219.6480,6.2546
13,b13,stvg,STVG,1,qcopula,195,3025.5700,210.0610,3235.6310,16.5930
14,b14,stvg,STVG,1,qcopula,195,4547.1700,93.4205,4640.5905,23.7979
15,b15,stvg,STVG,1,qcopula,195,1761.1800,248.1340,2009.3140,10.3042
16,b16,stvg,STVG,1,qcopula,195,1407.1200,201.4210,1608.5410,8.2489
17,b17,stvg,STVG,1,qcopula,195,929.3930,208.8050,1138.1980,5.8369
18,b18,stvg,STVG,1,qcopula,195,2335.7800,148.9760,2484.7560,12.7423
19,b19,stvg,STVG,1,qcopula,195,1381.6800,117.9920,1499.6720,7.6906
20,b20,stvg,STVG,1,qcopula,195,590.0380,407.9030,997.9410,5.1176
21,b21,stvg,STVG,1,qcopula,195,1192.5100,282.0070,1474.5170,7.5616
22,b22,stvg,STVG,1,qcopula,195,2732.8400,240.3970,2973.2370,15.2474
23,b23,stvg,STVG,1,qcopula,195,5720.7300,83.5088,5804.2388,29.7653
24,b24,stvg,STVG,1,qcopula,195,717.0820,358.2900,1075.3720,5.5147
25,b25,stvg,STVG,1,qcopula,195,373.3530,303.7640,677.1170,3.4724
26,b26,stvg,STVG,1,qcopula,195,2320.7500,229.6040,2550.3540,13.0787
27,b27,stvg,STVG,1,qcopula,195,464.1710,334.0410,798.2120,4.0934
28,b28,stvg,STVG,1,qcopula,195,429.5140,341.4550,770.9690,3.9537
29,b29,stvg,STVG,1,qcopula,195,4127.6000,83.2736,4210.8736,21.5942
30,b30,stvg,STVG,1,qcopula,195,1152.8700,521.7830,1674.6530,8.5880
31,b31,stvg,STVG,1,qcopula,195,709.6650,473.4640,1183.1290,6.0673
32,b32,stvg,STVG,1,qcopula,195,402.9390,604.2420,1007.1810,5.1650
33,b33,stvg,STVG,1,qcopula,195,614.6950,129.1380,743.8330,3.8145
34,b34,stvg,STVG,1,qcopula,195,545.5070,148.9840,694.4910,3.5615
35,b35,stvg,STVG,1,qcopula,195,1315.3100,246.3840,1561.6940,8.0087
36,b36,stvg,STVG,1,qcopula,195,761.6230,283.1900,1044.8130,5.3580
37,b37,stvg,STVG,1,qcopula,195,2914.4600,123.9380,3038.3980,15.5815
38,b38,stvg,STVG,1,qcopula,195,1764.6800,276.6320,2041.3120,10.4683
39,b39,stvg,STVG,1,qcopula,195,1081.9900,338.2290,1420.2190,7.2832
40,b40,stvg,STVG,1,qcopula,195,473.9180,227.9320,701.8500,3.5992
41,b41,stvg,STVG,1,qcopula,195,913.3920,235.9560,1149.3480,5.8941
42,b42,stvg,STVG,1,qcopula,195,1319.1100,150.1810,1469.2910,7.5348
43,b43,stvg,STVG,1,qcopula,195,2511.9000,127.9680,2639.8680,13.5378
44,b44,stvg,STVG,1,qcopula,195,3133.6200,87.0570,3220.6770,16.5163
45,b45,stvg,STVG,1,qcopula,195,860.2820,124.2280,984.5100,5.0488
46,b46,stvg,STVG,1,qcopula,195,1606.1900,263.0230,1869.2130,9.5857
47,b47,stvg,STVG,1,qcopula,195,486.8920,640.4740,1127.3660,5.7814
48,b48,stvg,STVG,1,qcopula,195,580.6760,151.0510,731.7270,3.7524
49,b49,stvg,STVG,1,qcopula,195,605.3370,252.2060,857.5430,4.3977
50,b50,stvg,STVG,1,qcopula,195,3082.3100,207.4010,3289.7110,16.8703
51,b51,stvg,STVG,1,qcopula,195,1951.7600,98.8226,2050.5826,10.5158
52,b52,stvg,STVG,1,qcopula,195,1832.3200,109.3510,1941.6710,9.9573
53,b53,stvg,STVG,1,qcopula,195,2387.7300,335.5390,2723.2690,13.9655
54,b54,stvg,STVG,1,qcopula,195,2161.5300,360.1300,2521.6600,12.9316
55,b55,stvg,STVG,1,qcopula,195,835.4760,360.6030,1196.0790,6.1337
56,b56,stvg,STVG,1,qcopula,195,2989.9700,259.1950,3249.1650,16.6624
57,b57,stvg,STVG,1,qcopula,195,619.4680,274.5050,893.9730,4.5845
58,b58,stvg,STVG,1,qcopula,195,1397.5100,415.5150,1813.0250,9.2976
59,b59,stvg,STVG,1,qcopula,195,2936.4900,126.9640,3063.4540,15.7100
60,b60,stvg,STVG,1,qcopula,195,3715.6400,70.2853,3785.9253,19.4150
61,b61,stvg,STVG,1,qcopula,195,2482.6300,139.7520,2622.3820,13.4481
62,b62,stvg,STVG,1,qcopula,195,3365.4800,109.6620,3475.1420,17.8212
63,b63,stvg,STVG,1,qcopula,195,2606.6900,89.6871,2696.3771,13.8276
64,b64,stvg,STVG,1,qcopula,195,2649.0000,305.6880,2954.6880,15.1522
65,b65,stvg,STVG,1,qcopula,195,2265.1600,211.2950,2476.4550,12.6998
66,b66,stvg,STVG,1,qcopula,195,437.6920,456.8730,894.5650,4.5875
67,b67,stvg,STVG,1,qcopula,195,942.6720,155.3030,1097.9750,5.6306
68,b68,stvg,STVG,1,qcopula,195,3007.8600,200.4920,3208.3520,16.4531
69,b69,stvg,STVG,1,qcopula,195,517.1170,115.9140,633.0310,3.2463
70,b70,stvg,STVG,1,qcopula,195,1758.3300,181.1160,1939.4460,9.9459
71,b71,stvg,STVG,1,qcopula,195,505.2830,467.1070,972.3900,4.9866
72,b72,stvg,STVG,1,qcopula,195,888.3710,493.4550,1381.8260,7.0863
73,b73,stvg,STVG,1,qcopula,195,2198.5700,323.6630,2522.2330,12.9345
74,b74,stvg,STVG,1,qcopula,195,1520.6400,136.8720,1657.5120,8.5001
75,b75,stvg,STVG,1,qcopula,195,986.6220,178.4130,1165.0350,5.9745
76,b76,stvg,STVG,1,qcopula,195,430.0970,177.9280,608.0250,3.1181
77,b77,stvg,STVG,1,qcopula,195,359.7450,314.5720,674.3170,3.4580
78,b78,stvg,STVG,1,qcopula,195,434.3500,212.1310,646.4810,3.3153
79,b79,stvg,STVG,1,qcopula,195,2019.8900,205.5810,2225.4710,11.4127
80,b80,stvg,STVG,1,qcopula,195,2431.5700,102.7530,2534.3230,12.9965
81,b81,stvg,STVG,1,qcopula,195,4757.5300,68.5374,4826.0674,24.7491
82,b82,stvg,STVG,1,qcopula,195,2210.9200,158.7070,2369.6270,12.1519
83,b83,stvg,STVG,1,qcopula,195,1621.8600,412.1310,2033.9910,10.4307
84,b84,stvg,STVG,1,qcopula,195,1740.1100,189.2050,1929.3150,9.8939
85,b85,stvg,STVG,1,qcopula,195,933.6200,163.4420,1097.0620,5.6260
86,b86,stvg,STVG,1,qcopula,195,2904.1900,136.5970,3040.7870,15.5938
87,b87,stvg,STVG,1,qcopula,195,870.7790,460.2360,1331.0150,6.8257
88,b88,stvg,STVG,1,qcopula,195,2521.0000,216.1470,2737.1470,14.0367
89,b89,stvg,STVG,1,qcopula,195,382.8780,232.7340,615.6120,3.1570
90,b90,stvg,STVG,1,qcopula,195,512.6190,590.4720,1103.0910,5.6569
91,b91,stvg,STVG,1,qcopula,195,634.7220,454.8810,1089.6030,5.5877
92,b92,stvg,STVG,1,qcopula,195,1140.7000,457.3080,1598.0080,8.1949
93,b93,stvg,STVG,1,qcopula,195,535.4200,487.5870,1023.0070,5.2462
94,b94,stvg,STVG,1,qcopula,195,1760.5400,266.6130,2027.1530,10.3957
95,b95,stvg,STVG,1,qcopula,195,1447.0200,120.0890,1567.1090,8.0365
96,b96,stvg,STVG,1,qcopula,195,655.6180,191.8170,847.4350,4.3458
97,b97,stvg,STVG,1,qcopula,195,2338.0200,73.9765,2411.9965,12.3692
98,b98,stvg,STVG,1,qcopula,195,2133.1500,297.3350,2430.4850,12.4640
99,b99,stvg,STVG,1,qcopula,195,1399.0800,266.7500,1665.8300,8.5427
100,b100,stvg,STVG,1,qcopula,195,1559.2400,116.8820,1676.1220,8.5955
1,b1,cdm_nfw,CDM NFW,2,qcopula,194,430.2540,235.2850,665.5390,3.4306
2,b2,cdm_nfw,CDM NFW,2,qcopula,194,315.1240,344.9400,660.0640,3.4024
3,b3,cdm_nfw,CDM NFW,2,qcopula,194,396.5250,137.1490,533.6740,2.7509
4,b4,cdm_nfw,CDM NFW,2,qcopula,194,497.2900,328.9720,826.2620,4.2591
5,b5,cdm_nfw,CDM NFW,2,qcopula,194,366.2450,361.8740,728.1190,3.7532
6,b6,cdm_nfw,CDM NFW,2,qcopula,194,343.6590,171.1400,514.7990,2.6536
7,b7,cdm_nfw,CDM NFW,2,qcopula,194,340.6840,158.2250,498.9090,2.5717
8,b8,cdm_nfw,CDM NFW,2,qcopula,194,458.9610,154.2320,613.1930,3.1608
9,b9,cdm_nfw,CDM NFW,2,qcopula,194,350.7550,254.7250,605.4800,3.1210
10,b10,cdm_nfw,CDM NFW,2,qcopula,194,464.5730,421.2130,885.7860,4.5659
11,b11,cdm_nfw,CDM NFW,2,qcopula,194,385.9950,356.8210,742.8160,3.8289
12,b12,cdm_nfw,CDM NFW,2,qcopula,194,490.2600,666.8610,1157.1210,5.9645
13,b13,cdm_nfw,CDM NFW,2,qcopula,194,396.5070,215.5730,612.0800,3.1551
14,b14,cdm_nfw,CDM NFW,2,qcopula,194,371.1270,102.1600,473.2870,2.4396
15,b15,cdm_nfw,CDM NFW,2,qcopula,194,387.0810,255.1430,642.2240,3.3104
16,b16,cdm_nfw,CDM NFW,2,qcopula,194,668.2560,210.7130,878.9690,4.5308
17,b17,cdm_nfw,CDM NFW,2,qcopula,194,383.3630,213.7500,597.1130,3.0779
18,b18,cdm_nfw,CDM NFW,2,qcopula,194,420.7410,154.4160,575.1570,2.9647
19,b19,cdm_nfw,CDM NFW,2,qcopula,194,299.3520,121.5290,420.8810,2.1695
20,b20,cdm_nfw,CDM NFW,2,qcopula,194,679.0670,419.7150,1098.7820,5.6638
21,b21,cdm_nfw,CDM NFW,2,qcopula,194,562.7900,299.4150,862.2050,4.4444
22,b22,cdm_nfw,CDM NFW,2,qcopula,194,314.5120,245.6010,560.1130,2.8872
23,b23,cdm_nfw,CDM NFW,2,qcopula,194,418.2530,93.0676,511.3206,2.6357
24,b24,cdm_nfw,CDM NFW,2,qcopula,194,340.6750,364.1570,704.8320,3.6332
25,b25,cdm_nfw,CDM NFW,2,qcopula,194,484.6170,314.3910,799.0080,4.1186
26,b26,cdm_nfw,CDM NFW,2,qcopula,194,394.7990,243.4600,638.2590,3.2900
27,b27,cdm_nfw,CDM NFW,2,qcopula,194,614.3070,352.7100,967.0170,4.9846
28,b28,cdm_nfw,CDM NFW,2,qcopula,194,349.5350,345.5060,695.0410,3.5827
29,b29,cdm_nfw,CDM NFW,2,qcopula,194,377.8740,90.0238,467.8978,2.4118
30,b30,cdm_nfw,CDM NFW,2,qcopula,194,350.5150,529.3470,879.8620,4.5354
31,b31,cdm_nfw,CDM NFW,2,qcopula,194,322.6620,478.4190,801.0810,4.1293
32,b32,cdm_nfw,CDM NFW,2,qcopula,194,705.4260,619.5720,1324.9980,6.8299
33,b33,cdm_nfw,CDM NFW,2,qcopula,194,365.9030,133.1050,499.0080,2.5722
34,b34,cdm_nfw,CDM NFW,2,qcopula,194,362.8840,153.7810,516.6650,2.6632
35,b35,cdm_nfw,CDM NFW,2,qcopula,194,384.5830,245.9310,630.5140,3.2501
36,b36,cdm_nfw,CDM NFW,2,qcopula,194,389.7410,293.9200,683.6610,3.5240
37,b37,cdm_nfw,CDM NFW,2,qcopula,194,286.4240,128.3930,414.8170,2.1382
38,b38,cdm_nfw,CDM NFW,2,qcopula,194,291.8720,272.5390,564.4110,2.9093
39,b39,cdm_nfw,CDM NFW,2,qcopula,194,438.2550,341.3610,779.6160,4.0186
40,b40,cdm_nfw,CDM NFW,2,qcopula,194,373.1280,236.8200,609.9480,3.1441
41,b41,cdm_nfw,CDM NFW,2,qcopula,194,291.9290,234.6070,526.5360,2.7141
42,b42,cdm_nfw,CDM NFW,2,qcopula,194,374.5180,155.9460,530.4640,2.7344
43,b43,cdm_nfw,CDM NFW,2,qcopula,194,546.6650,135.5300,682.1950,3.5165
44,b44,cdm_nfw,CDM NFW,2,qcopula,194,353.6090,92.2583,445.8673,2.2983
45,b45,cdm_nfw,CDM NFW,2,qcopula,194,351.4510,128.7760,480.2270,2.4754
46,b46,cdm_nfw,CDM NFW,2,qcopula,194,313.6890,264.8430,578.5320,2.9821
47,b47,cdm_nfw,CDM NFW,2,qcopula,194,537.3860,675.6420,1213.0280,6.2527
48,b48,cdm_nfw,CDM NFW,2,qcopula,194,480.1770,159.6350,639.8120,3.2980
49,b49,cdm_nfw,CDM NFW,2,qcopula,194,343.6440,260.8220,604.4660,3.1158
50,b50,cdm_nfw,CDM NFW,2,qcopula,194,332.6410,212.1790,544.8200,2.8084
51,b51,cdm_nfw,CDM NFW,2,qcopula,194,307.2020,102.9120,410.1140,2.1140
52,b52,cdm_nfw,CDM NFW,2,qcopula,194,330.0010,114.4170,444.4180,2.2908
53,b53,cdm_nfw,CDM NFW,2,qcopula,194,415.1990,337.9670,753.1660,3.8823
54,b54,cdm_nfw,CDM NFW,2,qcopula,194,471.5440,364.5470,836.0910,4.3097
55,b55,cdm_nfw,CDM NFW,2,qcopula,194,385.4200,363.5750,748.9950,3.8608
56,b56,cdm_nfw,CDM NFW,2,qcopula,194,393.4700,264.6710,658.1410,3.3925
57,b57,cdm_nfw,CDM NFW,2,qcopula,194,537.6940,286.0160,823.7100,4.2459
58,b58,cdm_nfw,CDM NFW,2,qcopula,194,337.0180,421.4870,758.5050,3.9098
59,b59,cdm_nfw,CDM NFW,2,qcopula,194,295.6640,131.6930,427.3570,2.2029
60,b60,cdm_nfw,CDM NFW,2,qcopula,194,632.9730,74.4974,707.4704,3.6468
61,b61,cdm_nfw,CDM NFW,2,qcopula,194,350.2970,148.0160,498.3130,2.5686
62,b62,cdm_nfw,CDM NFW,2,qcopula,194,363.8550,113.5600,477.4150,2.4609
63,b63,cdm_nfw,CDM NFW,2,qcopula,194,640.8240,95.2459,736.0699,3.7942
64,b64,cdm_nfw,CDM NFW,2,qcopula,194,406.8360,313.8230,720.6590,3.7147
65,b65,cdm_nfw,CDM NFW,2,qcopula,194,361.4090,224.8550,586.2640,3.0220
66,b66,cdm_nfw,CDM NFW,2,qcopula,194,386.4490,472.6430,859.0920,4.4283
67,b67,cdm_nfw,CDM NFW,2,qcopula,194,335.7870,158.4500,494.2370,2.5476
68,b68,cdm_nfw,CDM NFW,2,qcopula,194,404.3280,207.7650,612.0930,3.1551
69,b69,cdm_nfw,CDM NFW,2,qcopula,194,395.1190,120.4550,515.5740,2.6576
70,b70,cdm_nfw,CDM NFW,2,qcopula,194,316.4340,181.7400,498.1740,2.5679
71,b71,cdm_nfw,CDM NFW,2,qcopula,194,547.5360,480.4330,1027.9690,5.2988
72,b72,cdm_nfw,CDM NFW,2,qcopula,194,392.0640,506.7810,898.8450,4.6332
73,b73,cdm_nfw,CDM NFW,2,qcopula,194,468.0370,322.1840,790.2210,4.0733
74,b74,cdm_nfw,CDM NFW,2,qcopula,194,468.5230,145.8760,614.3990,3.1670
75,b75,cdm_nfw,CDM NFW,2,qcopula,194,356.7100,184.6720,541.3820,2.7906
76,b76,cdm_nfw,CDM NFW,2,qcopula,194,375.5520,184.5030,560.0550,2.8869
77,b77,cdm_nfw,CDM NFW,2,qcopula,194,368.7100,324.6110,693.3210,3.5738
78,b78,cdm_nfw,CDM NFW,2,qcopula,194,377.4030,219.2550,596.6580,3.0756
79,b79,cdm_nfw,CDM NFW,2,qcopula,194,306.3170,209.0170,515.3340,2.6564
80,b80,cdm_nfw,CDM NFW,2,qcopula,194,302.5860,107.5300,410.1160,2.1140
81,b81,cdm_nfw,CDM NFW,2,qcopula,194,465.8600,74.1571,540.0171,2.7836
82,b82,cdm_nfw,CDM NFW,2,qcopula,194,558.6500,170.7690,729.4190,3.7599
83,b83,cdm_nfw,CDM NFW,2,qcopula,194,396.6490,419.0980,815.7470,4.2049
84,b84,cdm_nfw,CDM NFW,2,qcopula,194,358.1820,197.7280,555.9100,2.8655
85,b85,cdm_nfw,CDM NFW,2,qcopula,194,505.6050,173.1120,678.7170,3.4985
86,b86,cdm_nfw,CDM NFW,2,qcopula,194,423.3100,141.8500,565.1600,2.9132
87,b87,cdm_nfw,CDM NFW,2,qcopula,194,378.2970,476.1700,854.4670,4.4045
88,b88,cdm_nfw,CDM NFW,2,qcopula,194,304.0530,220.8810,524.9340,2.7058
89,b89,cdm_nfw,CDM NFW,2,qcopula,194,397.0490,241.9960,639.0450,3.2940
90,b90,cdm_nfw,CDM NFW,2,qcopula,194,615.4600,607.6130,1223.0730,6.3045
91,b91,cdm_nfw,CDM NFW,2,qcopula,194,419.4200,466.2300,885.6500,4.5652
92,b92,cdm_nfw,CDM NFW,2,qcopula,194,404.2530,466.0170,870.2700,4.4859
93,b93,cdm_nfw,CDM NFW,2,qcopula,194,623.7180,499.1930,1122.9110,5.7882
94,b94,cdm_nfw,CDM NFW,2,qcopula,194,340.9750,263.0810,604.0560,3.1137
95,b95,cdm_nfw,CDM NFW,2,qcopula,194,303.3400,123.3400,426.6800,2.1994
96,b96,cdm_nfw,CDM NFW,2,qcopula,194,381.0960,198.3240,579.4200,2.9867
97,b97,cdm_nfw,CDM NFW,2,qcopula,194,573.1100,77.8570,650.9670,3.3555
98,b98,cdm_nfw,CDM NFW,2,qcopula,194,405.8970,304.0990,709.9960,3.6598
99,b99,cdm_nfw,CDM NFW,2,qcopula,194,666.8700,275.2750,942.1450,4.8564
100,b100,cdm_nfw,CDM NFW,2,qcopula,194,303.9720,120.5680,424.5400,2.1884
1,b1,cdm_einasto,CDM Einasto,2,qcopula,194,319.5340,220.9510,540.4850,2.7860
2,b2,cdm_einasto,CDM Einasto,2,qcopula,194,307.0390,338.8890,645.9280,3.3295
3,b3,cdm_einasto,CDM Einasto,2,qcopula,194,283.7760,129.1060,412.8820,2.1283
4,b4,cdm_einasto,CDM Einasto,2,qcopula,194,317.7190,304.4530,622.1720,3.2071
5,b5,cdm_einasto,CDM Einasto,2,qcopula,194,269.7530,344.4370,614.1900,3.1659
6,b6,cdm_einasto,CDM Einasto,2,qcopula,194,292.7180,165.0500,457.7680,2.3596
7,b7,cdm_einasto,CDM Einasto,2,qcopula,194,276.0460,152.1380,428.1840,2.2071
8,b8,cdm_einasto,CDM Einasto,2,qcopula,194,324.5320,143.8790,468.4110,2.4145
9,b9,cdm_einasto,CDM Einasto,2,qcopula,194,338.9330,248.8200,587.7530,3.0297
10,b10,cdm_einasto,CDM Einasto,2,qcopula,194,300.2910,392.7080,692.9990,3.5722
11,b11,cdm_einasto,CDM Einasto,2,qcopula,194,329.3270,342.5070,671.8340,3.4631
12,b12,cdm_einasto,CDM Einasto,2,qcopula,194,305.2790,632.5430,937.8220,4.8341
13,b13,cdm_einasto,CDM Einasto,2,qcopula,194,322.9920,205.4900,528.4820,2.7241
14,b14,cdm_einasto,CDM Einasto,2,qcopula,194,323.7660,105.0530,428.8190,2.2104
15,b15,cdm_einasto,CDM Einasto,2,qcopula,194,306.9810,242.0240,549.0050,2.8299
16,b16,cdm_einasto,CDM Einasto,2,qcopula,194,357.0130,190.3500,547.3630,2.8215
17,b17,cdm_einasto,CDM Einasto,2,qcopula,194,280.4810,202.1800,482.6610,2.4879
18,b18,cdm_einasto,CDM Einasto,2,qcopula,194,305.8650,145.6720,451.5370,2.3275
19,b19,cdm_einasto,CDM Einasto,2,qcopula,194,297.0470,120.8660,417.9130,2.1542
20,b20,cdm_einasto,CDM Einasto,2,qcopula,194,341.7840,387.0250,728.8090,3.7567
21,b21,cdm_einasto,CDM Einasto,2,qcopula,194,327.8600,274.2100,602.0700,3.1035
22,b22,cdm_einasto,CDM Einasto,2,qcopula,194,309.4060,242.6830,552.0890,2.8458
23,b23,cdm_einasto,CDM Einasto,2,qcopula,194,359.9290,95.1666,455.0956,2.3459
24,b24,cdm_einasto,CDM Einasto,2,qcopula,194,311.0580,352.5310,663.5890,3.4206
25,b25,cdm_einasto,CDM Einasto,2,qcopula,194,274.3550,294.1740,568.5290,2.9306
26,b26,cdm_einasto,CDM Einasto,2,qcopula,194,326.1320,232.7660,558.8980,2.8809
27,b27,cdm_einasto,CDM Einasto,2,qcopula,194,304.9760,327.5310,632.5070,3.2603
28,b28,cdm_einasto,CDM Einasto,2,qcopula,194,273.0370,330.3870,603.4240,3.1104
29,b29,cdm_einasto,CDM Einasto,2,qcopula,194,332.1340,90.4900,422.6240,2.1785
30,b30,cdm_einasto,CDM Einasto,2,qcopula,194,323.7600,512.7370,836.4970,4.3118
31,b31,cdm_einasto,CDM Einasto,2,qcopula,194,301.1530,465.3840,766.5370,3.9512
32,b32,cdm_einasto,CDM Einasto,2,qcopula,194,334.6870,575.7590,910.4460,4.6930
33,b33,cdm_einasto,CDM Einasto,2,qcopula,194,307.3000,128.6790,435.9790,2.2473
34,b34,cdm_einasto,CDM Einasto,2,qcopula,194,280.5960,146.8740,427.4700,2.2035
35,b35,cdm_einasto,CDM Einasto,2,qcopula,194,285.8270,233.1790,519.0060,2.6753
36,b36,cdm_einasto,CDM Einasto,2,qcopula,194,299.9300,278.7520,578.6820,2.9829
37,b37,cdm_einasto,CDM Einasto,2,qcopula,194,285.8880,128.5910,414.4790,2.1365
38,b38,cdm_einasto,CDM Einasto,2,qcopula,194,294.7950,271.6910,566.4860,2.9200
39,b39,cdm_einasto,CDM Einasto,2,qcopula,194,311.8990,322.3140,634.2130,3.2691
40,b40,cdm_einasto,CDM Einasto,2,qcopula,194,284.2490,225.6200,509.8690,2.6282
41,b41,cdm_einasto,CDM Einasto,2,qcopula,194,289.1560,231.5040,520.6600,2.6838
42,b42,cdm_einasto,CDM Einasto,2,qcopula,194,378.9600,154.6540,533.6140,2.7506
43,b43,cdm_einasto,CDM Einasto,2,qcopula,194,343.1150,125.5170,468.6320,2.4156
44,b44,cdm_einasto,CDM Einasto,2,qcopula,194,302.6640,92.0151,394.6791,2.0344
45,b45,cdm_einasto,CDM Einasto,2,qcopula,194,290.1250,124.4460,414.5710,2.1370
46,b46,cdm_einasto,CDM Einasto,2,qcopula,194,313.3570,266.4460,579.8030,2.9887
47,b47,cdm_einasto,CDM Einasto,2,qcopula,194,299.0010,637.7870,936.7880,4.8288
48,b48,cdm_einasto,CDM Einasto,2,qcopula,194,295.2520,148.2550,443.5070,2.2861
49,b49,cdm_einasto,CDM Einasto,2,qcopula,194,310.3430,252.5940,562.9370,2.9017
50,b50,cdm_einasto,CDM Einasto,2,qcopula,194,329.0160,212.9180,541.9340,2.7935
51,b51,cdm_einasto,CDM Einasto,2,qcopula,194,308.8610,102.9250,411.7860,2.1226
52,b52,cdm_einasto,CDM Einasto,2,qcopula,194,300.4480,112.1880,412.6360,2.1270
53,b53,cdm_einasto,CDM Einasto,2,qcopula,194,322.3380,320.6240,642.9620,3.3142
54,b54,cdm_einasto,CDM Einasto,2,qcopula,194,338.8980,342.7800,681.6780,3.5138
55,b55,cdm_einasto,CDM Einasto,2,qcopula,194,329.3470,347.8060,677.1530,3.4905
56,b56,cdm_einasto,CDM Einasto,2,qcopula,194,327.5500,253.2420,580.7920,2.9938
57,b57,cdm_einasto,CDM Einasto,2,qcopula,194,286.8130,262.3760,549.1890,2.8309
58,b58,cdm_einasto,CDM Einasto,2,qcopula,194,340.1830,416.9180,757.1010,3.9026
59,b59,cdm_einasto,CDM Einasto,2,qcopula,194,293.0810,131.6190,424.7000,2.1892
60,b60,cdm_einasto,CDM Einasto,2,qcopula,194,339.4370,69.6560,409.0930,2.1087
61,b61,cdm_einasto,CDM Einasto,2,qcopula,194,311.3220,143.3630,454.6850,2.3437
62,b62,cdm_einasto,CDM Einasto,2,qcopula,194,310.7650,111.6700,422.4350,2.1775
63,b63,cdm_einasto,CDM Einasto,2,qcopula,194,354.7870,87.6468,442.4338,2.2806
64,b64,cdm_einasto,CDM Einasto,2,qcopula,194,337.6070,299.9890,637.5960,3.2866
65,b65,cdm_einasto,CDM Einasto,2,qcopula,194,323.1260,217.6730,540.7990,2.7876
66,b66,cdm_einasto,CDM Einasto,2,qcopula,194,284.7610,449.5690,734.3300,3.7852
67,b67,cdm_einasto,CDM Einasto,2,qcopula,194,294.7420,153.3520,448.0940,2.3098
68,b68,cdm_einasto,CDM Einasto,2,qcopula,194,329.0170,197.9460,526.9630,2.7163
69,b69,cdm_einasto,CDM Einasto,2,qcopula,194,267.6470,114.1040,381.7510,1.9678
70,b70,cdm_einasto,CDM Einasto,2,qcopula,194,283.9390,177.5420,461.4810,2.3788
71,b71,cdm_einasto,CDM Einasto,2,qcopula,194,300.5790,444.8000,745.3790,3.8422
72,b72,cdm_einasto,CDM Einasto,2,qcopula,194,370.4880,491.3470,861.8350,4.4424
73,b73,cdm_einasto,CDM Einasto,2,qcopula,194,349.5880,304.5730,654.1610,3.3720
74,b74,cdm_einasto,CDM Einasto,2,qcopula,194,306.2100,134.7040,440.9140,2.2728
75,b75,cdm_einasto,CDM Einasto,2,qcopula,194,323.0560,178.4370,501.4930,2.5850
76,b76,cdm_einasto,CDM Einasto,2,qcopula,194,286.0560,175.8490,461.9050,2.3810
77,b77,cdm_einasto,CDM Einasto,2,qcopula,194,268.0820,308.9080,576.9900,2.9742
78,b78,cdm_einasto,CDM Einasto,2,qcopula,194,280.6440,208.1730,488.8170,2.5197
79,b79,cdm_einasto,CDM Einasto,2,qcopula,194,305.4400,207.2230,512.6630,2.6426
80,b80,cdm_einasto,CDM Einasto,2,qcopula,194,302.3400,107.5620,409.9020,2.1129
81,b81,cdm_einasto,CDM Einasto,2,qcopula,194,321.0500,71.2810,392.3310,2.0223
82,b82,cdm_einasto,CDM Einasto,2,qcopula,194,340.4360,155.1600,495.5960,2.5546
83,b83,cdm_einasto,CDM Einasto,2,qcopula,194,310.1450,398.2160,708.3610,3.6513
84,b84,cdm_einasto,CDM Einasto,2,qcopula,194,301.5380,189.9640,491.5020,2.5335
85,b85,cdm_einasto,CDM Einasto,2,qcopula,194,291.1110,157.3830,448.4940,2.3118
86,b86,cdm_einasto,CDM Einasto,2,qcopula,194,342.8700,137.3060,480.1760,2.4751
87,b87,cdm_einasto,CDM Einasto,2,qcopula,194,326.4090,456.8560,783.2650,4.0374
88,b88,cdm_einasto,CDM Einasto,2,qcopula,194,304.6150,220.7050,525.3200,2.7078
89,b89,cdm_einasto,CDM Einasto,2,qcopula,194,282.1610,229.1870,511.3480,2.6358
90,b90,cdm_einasto,CDM Einasto,2,qcopula,194,332.3450,562.8290,895.1740,4.6143
91,b91,cdm_einasto,CDM Einasto,2,qcopula,194,284.5800,438.5160,723.0960,3.7273
92,b92,cdm_einasto,CDM Einasto,2,qcopula,194,414.0050,463.1000,877.1050,4.5212
93,b93,cdm_einasto,CDM Einasto,2,qcopula,194,316.2100,462.3810,778.5910,4.0134
94,b94,cdm_einasto,CDM Einasto,2,qcopula,194,298.0180,254.9850,553.0030,2.8505
95,b95,cdm_einasto,CDM Einasto,2,qcopula,194,272.7180,122.1670,394.8850,2.0355
96,b96,cdm_einasto,CDM Einasto,2,qcopula,194,325.2660,190.0260,515.2920,2.6561
97,b97,cdm_einasto,CDM Einasto,2,qcopula,194,341.7610,75.6203,417.3813,2.1515
98,b98,cdm_einasto,CDM Einasto,2,qcopula,194,322.8760,289.1460,612.0220,3.1548
99,b99,cdm_einasto,CDM Einasto,2,qcopula,194,347.0160,248.6170,595.6330,3.0703
100,b100,cdm_einasto,CDM Einasto,2,qcopula,194,299.2580,119.9300,419.1880,2.1608
1,b1,hmg_k1,HMG anisotropic (k=1),1,npz,195,489.9540,105.3780,595.3320,3.0530
2,b2,hmg_k1,HMG anisotropic (k=1),1,npz,195,463.8460,170.0890,633.9350,3.2509
3,b3,hmg_k1,HMG anisotropic (k=1),1,npz,195,389.1710,85.3227,474.4937,2.4333
4,b4,hmg_k1,HMG anisotropic (k=1),1,npz,195,480.4960,152.7880,633.2840,3.2476
5,b5,hmg_k1,HMG anisotropic (k=1),1,npz,195,335.1200,241.8360,576.9560,2.9587
6,b6,hmg_k1,HMG anisotropic (k=1),1,npz,195,313.0910,116.2360,429.3270,2.2017
7,b7,hmg_k1,HMG anisotropic (k=1),1,npz,195,316.1440,110.9930,427.1370,2.1904
8,b8,hmg_k1,HMG anisotropic (k=1),1,npz,195,716.9590,70.6459,787.6049,4.0390
9,b9,hmg_k1,HMG anisotropic (k=1),1,npz,195,328.3570,170.9750,499.3320,2.5607
10,b10,hmg_k1,HMG anisotropic (k=1),1,npz,195,396.7730,243.5820,640.3550,3.2839
11,b11,hmg_k1,HMG anisotropic (k=1),1,npz,195,598.0860,151.8380,749.9240,3.8458
12,b12,hmg_k1,HMG anisotropic (k=1),1,npz,195,653.2370,411.3930,1064.6300,5.4596
13,b13,hmg_k1,HMG anisotropic (k=1),1,npz,195,773.3910,92.7075,866.0985,4.4415
14,b14,hmg_k1,HMG anisotropic (k=1),1,npz,195,1442.9400,140.0130,1582.9530,8.1177
15,b15,hmg_k1,HMG anisotropic (k=1),1,npz,195,492.4830,116.0110,608.4940,3.1205
16,b16,hmg_k1,HMG anisotropic (k=1),1,npz,195,668.1220,99.5219,767.6439,3.9366
17,b17,hmg_k1,HMG anisotropic (k=1),1,npz,195,378.7140,125.8530,504.5670,2.5875
18,b18,hmg_k1,HMG anisotropic (k=1),1,npz,195,696.7510,80.5212,777.2722,3.9860
19,b19,hmg_k1,HMG anisotropic (k=1),1,npz,195,430.3470,98.3063,528.6533,2.7110
20,b20,hmg_k1,HMG anisotropic (k=1),1,npz,195,579.7070,225.2190,804.9260,4.1278
21,b21,hmg_k1,HMG anisotropic (k=1),1,npz,195,509.7630,127.8620,637.6250,3.2699
22,b22,hmg_k1,HMG anisotropic (k=1),1,npz,195,658.2940,127.2220,785.5160,4.0283
23,b23,hmg_k1,HMG anisotropic (k=1),1,npz,195,1815.6300,119.5480,1935.1780,9.9240
24,b24,hmg_k1,HMG anisotropic (k=1),1,npz,195,303.5940,217.8070,521.4010,2.6739
25,b25,hmg_k1,HMG anisotropic (k=1),1,npz,195,441.5970,191.9830,633.5800,3.2491
26,b26,hmg_k1,HMG anisotropic (k=1),1,npz,195,580.4460,106.2710,686.7170,3.5216
27,b27,hmg_k1,HMG anisotropic (k=1),1,npz,195,575.8310,201.3950,777.2260,3.9858
28,b28,hmg_k1,HMG anisotropic (k=1),1,npz,195,310.6170,226.9990,537.6160,2.7570
29,b29,hmg_k1,HMG anisotropic (k=1),1,npz,195,1210.7200,100.6310,1311.3510,6.7249
30,b30,hmg_k1,HMG anisotropic (k=1),1,npz,195,336.8650,269.9240,606.7890,3.1117
31,b31,hmg_k1,HMG anisotropic (k=1),1,npz,195,301.4390,289.8310,591.2700,3.0322
32,b32,hmg_k1,HMG anisotropic (k=1),1,npz,195,616.3400,341.1290,957.4690,4.9101
33,b33,hmg_k1,HMG anisotropic (k=1),1,npz,195,339.8890,99.7111,439.6001,2.2544
34,b34,hmg_k1,HMG anisotropic (k=1),1,npz,195,324.7930,106.0600,430.8530,2.2095
35,b35,hmg_k1,HMG anisotropic (k=1),1,npz,195,443.8410,137.7040,581.5450,2.9823
36,b36,hmg_k1,HMG anisotropic (k=1),1,npz,195,342.9800,163.2840,506.2640,2.5962
37,b37,hmg_k1,HMG anisotropic (k=1),1,npz,195,863.3620,108.2630,971.6250,4.9827
38,b38,hmg_k1,HMG anisotropic (k=1),1,npz,195,476.6170,167.1110,643.7280,3.3012
39,b39,hmg_k1,HMG anisotropic (k=1),1,npz,195,407.1620,182.9380,590.1000,3.0262
40,b40,hmg_k1,HMG anisotropic (k=1),1,npz,195,332.2150,152.9560,485.1710,2.4881
41,b41,hmg_k1,HMG anisotropic (k=1),1,npz,195,307.9330,160.6670,468.6000,2.4031
42,b42,hmg_k1,HMG anisotropic (k=1),1,npz,195,445.2700,99.5455,544.8155,2.7939
43,b43,hmg_k1,HMG anisotropic (k=1),1,npz,195,812.1840,70.8837,883.0677,4.5286
44,b44,hmg_k1,HMG anisotropic (k=1),1,npz,195,948.8560,88.6588,1037.5148,5.3206
45,b45,hmg_k1,HMG anisotropic (k=1),1,npz,195,359.1130,92.2881,451.4011,2.3149
46,b46,hmg_k1,HMG anisotropic (k=1),1,npz,195,419.4120,166.5930,586.0050,3.0052
47,b47,hmg_k1,HMG anisotropic (k=1),1,npz,195,644.6160,403.0680,1047.6840,5.3727
48,b48,hmg_k1,HMG anisotropic (k=1),1,npz,195,442.6060,97.8530,540.4590,2.7716
49,b49,hmg_k1,HMG anisotropic (k=1),1,npz,195,312.0140,167.9910,480.0050,2.4616
50,b50,hmg_k1,HMG anisotropic (k=1),1,npz,195,807.4130,154.9070,962.3200,4.9350
51,b51,hmg_k1,HMG anisotropic (k=1),1,npz,195,596.8590,96.6347,693.4937,3.5564
52,b52,hmg_k1,HMG anisotropic (k=1),1,npz,195,552.3150,83.0871,635.4021,3.2585
53,b53,hmg_k1,HMG anisotropic (k=1),1,npz,195,607.9650,142.1240,750.0890,3.8466
54,b54,hmg_k1,HMG anisotropic (k=1),1,npz,195,591.5590,152.6340,744.1930,3.8164
55,b55,hmg_k1,HMG anisotropic (k=1),1,npz,195,358.8150,212.8890,571.7040,2.9318
56,b56,hmg_k1,HMG anisotropic (k=1),1,npz,195,746.6540,112.5320,859.1860,4.4061
57,b57,hmg_k1,HMG anisotropic (k=1),1,npz,195,455.8330,148.9890,604.8220,3.1017
58,b58,hmg_k1,HMG anisotropic (k=1),1,npz,195,374.5580,228.7400,603.2980,3.0938
59,b59,hmg_k1,HMG anisotropic (k=1),1,npz,195,895.5540,116.8480,1012.4020,5.1918
60,b60,hmg_k1,HMG anisotropic (k=1),1,npz,195,1249.1600,55.8438,1305.0038,6.6923
61,b61,hmg_k1,HMG anisotropic (k=1),1,npz,195,665.2160,80.9217,746.1377,3.8263
62,b62,hmg_k1,HMG anisotropic (k=1),1,npz,195,994.1080,87.6742,1081.7822,5.5476
63,b63,hmg_k1,HMG anisotropic (k=1),1,npz,195,946.6620,59.9144,1006.5764,5.1619
64,b64,hmg_k1,HMG anisotropic (k=1),1,npz,195,641.7890,127.8600,769.6490,3.9469
65,b65,hmg_k1,HMG anisotropic (k=1),1,npz,195,555.3630,106.3320,661.6950,3.3933
66,b66,hmg_k1,HMG anisotropic (k=1),1,npz,195,385.5030,294.3300,679.8330,3.4863
67,b67,hmg_k1,HMG anisotropic (k=1),1,npz,195,360.1550,106.4650,466.6200,2.3929
68,b68,hmg_k1,HMG anisotropic (k=1),1,npz,195,790.3100,91.4146,881.7246,4.5217
69,b69,hmg_k1,HMG anisotropic (k=1),1,npz,195,354.6280,86.9943,441.6223,2.2647
70,b70,hmg_k1,HMG anisotropic (k=1),1,npz,195,508.9560,117.5330,626.4890,3.2128
71,b71,hmg_k1,HMG anisotropic (k=1),1,npz,195,452.8230,257.2360,710.0590,3.6413
72,b72,hmg_k1,HMG anisotropic (k=1),1,npz,195,384.7730,280.9100,665.6830,3.4138
73,b73,hmg_k1,HMG anisotropic (k=1),1,npz,195,626.9230,150.6770,777.6000,3.9877
74,b74,hmg_k1,HMG anisotropic (k=1),1,npz,195,555.1020,74.5872,629.6892,3.2292
75,b75,hmg_k1,HMG anisotropic (k=1),1,npz,195,367.6040,112.0470,479.6510,2.4597
76,b76,hmg_k1,HMG anisotropic (k=1),1,npz,195,337.8750,127.5570,465.4320,2.3868
77,b77,hmg_k1,HMG anisotropic (k=1),1,npz,195,372.7280,215.0530,587.7810,3.0143
78,b78,hmg_k1,HMG anisotropic (k=1),1,npz,195,338.6120,144.9300,483.5420,2.4797
79,b79,hmg_k1,HMG anisotropic (k=1),1,npz,195,533.7080,123.9070,657.6150,3.3724
80,b80,hmg_k1,HMG anisotropic (k=1),1,npz,195,728.8280,102.2540,831.0820,4.2620
81,b81,hmg_k1,HMG anisotropic (k=1),1,npz,195,1402.8400,61.4289,1464.2689,7.5091
82,b82,hmg_k1,HMG anisotropic (k=1),1,npz,195,740.2410,72.3136,812.5546,4.1669
83,b83,hmg_k1,HMG anisotropic (k=1),1,npz,195,441.6910,190.3500,632.0410,3.2412
84,b84,hmg_k1,HMG anisotropic (k=1),1,npz,195,486.0140,103.5610,589.5750,3.0235
85,b85,hmg_k1,HMG anisotropic (k=1),1,npz,195,488.1050,89.4962,577.6012,2.9621
86,b86,hmg_k1,HMG anisotropic (k=1),1,npz,195,840.0020,91.3546,931.3566,4.7762
87,b87,hmg_k1,HMG anisotropic (k=1),1,npz,195,342.2310,252.6930,594.9240,3.0509
88,b88,hmg_k1,HMG anisotropic (k=1),1,npz,195,624.3260,131.7370,756.0630,3.8772
89,b89,hmg_k1,HMG anisotropic (k=1),1,npz,195,380.6740,160.8800,541.5540,2.7772
90,b90,hmg_k1,HMG anisotropic (k=1),1,npz,195,520.2810,319.0670,839.3480,4.3043
91,b91,hmg_k1,HMG anisotropic (k=1),1,npz,195,346.1850,253.9050,600.0900,3.0774
92,b92,hmg_k1,HMG anisotropic (k=1),1,npz,195,420.6230,274.6040,695.2270,3.5653
93,b93,hmg_k1,HMG anisotropic (k=1),1,npz,195,534.9380,274.3820,809.3200,4.1504
94,b94,hmg_k1,HMG anisotropic (k=1),1,npz,195,500.5040,152.3120,652.8160,3.3478
95,b95,hmg_k1,HMG anisotropic (k=1),1,npz,195,457.5720,103.8890,561.4610,2.8793
96,b96,hmg_k1,HMG anisotropic (k=1),1,npz,195,349.8010,128.2370,478.0380,2.4515
97,b97,hmg_k1,HMG anisotropic (k=1),1,npz,195,873.9350,68.2695,942.2045,4.8318
98,b98,hmg_k1,HMG anisotropic (k=1),1,npz,195,570.8040,135.3670,706.1710,3.6214
99,b99,hmg_k1,HMG anisotropic (k=1),1,npz,195,658.8620,125.6540,784.5160,4.0232
100,b100,hmg_k1,HMG anisotropic (k=1),1,npz,195,470.8550,98.7137,569.5687,2.9209
1,b1,fr_screened,f(R) screened,2,npz,194,997.6310,571.2720,1568.9030,8.0871
2,b2,fr_screened,f(R) screened,2,npz,194,1462.8800,500.0710,1962.9510,10.1183
3,b3,fr_screened,f(R) screened,2,npz,194,900.4020,504.7040,1405.1060,7.2428
4,b4,fr_screened,f(R) screened,2,npz,194,886.9150,399.2760,1286.1910,6.6299
5,b5,fr_screened,f(R) screened,2,npz,194,943.6710,221.2290,1164.9000,6.0046
6,b6,fr_screened,f(R) screened,2,npz,194,989.0070,421.1830,1410.1900,7.2690
7,b7,fr_screened,f(R) screened,2,npz,194,887.5650,425.3570,1312.9220,6.7676
8,b8,fr_screened,f(R) screened,2,npz,194,821.9770,759.6880,1581.6650,8.1529
9,b9,fr_screened,f(R) screened,2,npz,194,1191.8900,315.4320,1507.3220,7.7697
10,b10,fr_screened,f(R) screened,2,npz,194,1049.7900,225.1460,1274.9360,6.5718
11,b11,fr_screened,f(R) screened,2,npz,194,1173.9600,543.4630,1717.4230,8.8527
12,b12,fr_screened,f(R) screened,2,npz,194,813.5400,68.2308,881.7708,4.5452
13,b13,fr_screened,f(R) screened,2,npz,194,1064.5900,782.8400,1847.4300,9.5228
14,b14,fr_screened,f(R) screened,2,npz,194,834.3570,1415.0200,2249.3770,11.5947
15,b15,fr_screened,f(R) screened,2,npz,194,1174.5200,579.8300,1754.3500,9.0430
16,b16,fr_screened,f(R) screened,2,npz,194,744.2790,616.8390,1361.1180,7.0161
17,b17,fr_screened,f(R) screened,2,npz,194,892.3490,443.6120,1335.9610,6.8864
18,b18,fr_screened,f(R) screened,2,npz,194,849.1280,729.3700,1578.4980,8.1366
19,b19,fr_screened,f(R) screened,2,npz,194,1183.0700,656.2710,1839.3410,9.4811
20,b20,fr_screened,f(R) screened,2,npz,194,673.0190,224.6150,897.6340,4.6270
21,b21,fr_screened,f(R) screened,2,npz,194,890.9650,524.5340,1415.4990,7.2964
22,b22,fr_screened,f(R) screened,2,npz,194,1394.3500,685.9210,2080.2710,10.7230
23,b23,fr_screened,f(R) screened,2,npz,194,870.9900,1438.0800,2309.0700,11.9024
24,b24,fr_screened,f(R) screened,2,npz,194,1350.3700,298.1910,1648.5610,8.4977
25,b25,fr_screened,f(R) screened,2,npz,194,953.9550,240.2250,1194.1800,6.1556
26,b26,fr_screened,f(R) screened,2,npz,194,1036.6200,673.5030,1710.1230,8.8151
27,b27,fr_screened,f(R) screened,2,npz,194,671.0100,161.9600,832.9700,4.2937
28,b28,fr_screened,f(R) screened,2,npz,194,1137.2400,274.4720,1411.7120,7.2769
29,b29,fr_screened,f(R) screened,2,npz,194,938.7310,1260.1800,2198.9110,11.3346
30,b30,fr_screened,f(R) screened,2,npz,194,1282.0700,229.1850,1511.2550,7.7900
31,b31,fr_screened,f(R) screened,2,npz,194,1286.2300,227.9720,1514.2020,7.8052
32,b32,fr_screened,f(R) screened,2,npz,194,780.1420,137.4000,917.5420,4.7296
33,b33,fr_screened,f(R) screened,2,npz,194,1004.7000,453.6340,1458.3340,7.5172
34,b34,fr_screened,f(R) screened,2,npz,194,1068.2700,460.2420,1528.5120,7.8789
35,b35,fr_screened,f(R) screened,2,npz,194,1093.4600,538.9620,1632.4220,8.4145
36,b36,fr_screened,f(R) screened,2,npz,194,1018.0800,352.7120,1370.7920,7.0659
37,b37,fr_screened,f(R) screened,2,npz,194,1340.9000,874.5110,2215.4110,11.4196
38,b38,fr_screened,f(R) screened,2,npz,194,1431.0900,480.5320,1911.6220,9.8537
39,b39,fr_screened,f(R) screened,2,npz,194,956.3270,432.1650,1388.4920,7.1572
40,b40,fr_screened,f(R) screened,2,npz,194,1028.3000,360.8810,1389.1810,7.1607
41,b41,fr_screened,f(R) screened,2,npz,194,1400.1000,438.3710,1838.4710,9.4767
42,b42,fr_screened,f(R) screened,2,npz,194,1313.1600,493.0120,1806.1720,9.3102
43,b43,fr_screened,f(R) screened,2,npz,194,722.1530,844.7790,1566.9320,8.0770
44,b44,fr_screened,f(R) screened,2,npz,194,976.8150,1124.2500,2101.0650,10.8302
45,b45,fr_screened,f(R) screened,2,npz,194,985.7390,543.2450,1528.9840,7.8814
46,b46,fr_screened,f(R) screened,2,npz,194,1751.2500,537.7230,2288.9730,11.7988
47,b47,fr_screened,f(R) screened,2,npz,194,828.8460,68.0675,896.9135,4.6233
48,b48,fr_screened,f(R) screened,2,npz,194,772.0780,331.4850,1103.5630,5.6885
49,b49,fr_screened,f(R) screened,2,npz,194,1163.1200,340.1300,1503.2500,7.7487
50,b50,fr_screened,f(R) screened,2,npz,194,1493.2200,918.5710,2411.7910,12.4319
51,b51,fr_screened,f(R) screened,2,npz,194,1184.3100,796.8240,1981.1340,10.2120
52,b52,fr_screened,f(R) screened,2,npz,194,1006.0500,711.7750,1717.8250,8.8548
53,b53,fr_screened,f(R) screened,2,npz,194,1144.0800,597.5720,1741.6520,8.9776
54,b54,fr_screened,f(R) screened,2,npz,194,1073.8500,571.2240,1645.0740,8.4798
55,b55,fr_screened,f(R) screened,2,npz,194,1179.4300,267.3490,1446.7790,7.4576
56,b56,fr_screened,f(R) screened,2,npz,194,1125.2300,693.9570,1819.1870,9.3773
57,b57,fr_screened,f(R) screened,2,npz,194,876.6100,376.7920,1253.4020,6.4608
58,b58,fr_screened,f(R) screened,2,npz,194,1508.4400,317.8650,1826.3050,9.4139
59,b59,fr_screened,f(R) screened,2,npz,194,1319.8000,1004.3400,2324.1400,11.9801
60,b60,fr_screened,f(R) screened,2,npz,194,597.5810,1017.5500,1615.1310,8.3254
61,b61,fr_screened,f(R) screened,2,npz,194,1022.0300,746.1150,1768.1450,9.1141
62,b62,fr_screened,f(R) screened,2,npz,194,1002.3900,1069.7000,2072.0900,10.6809
63,b63,fr_screened,f(R) screened,2,npz,194,598.6460,882.7400,1481.3860,7.6360
64,b64,fr_screened,f(R) screened,2,npz,194,1175.1400,655.6040,1830.7440,9.4368
65,b65,fr_screened,f(R) screened,2,npz,194,1141.6300,683.6930,1825.3230,9.4089
66,b66,fr_screened,f(R) screened,2,npz,194,993.6240,184.2020,1177.8260,6.0713
67,b67,fr_screened,f(R) screened,2,npz,194,990.7230,478.8480,1469.5710,7.5751
68,b68,fr_screened,f(R) screened,2,npz,194,1018.4200,741.3150,1759.7350,9.0708
69,b69,fr_screened,f(R) screened,2,npz,194,891.7930,475.3580,1367.1510,7.0472
70,b70,fr_screened,f(R) screened,2,npz,194,1219.1500,722.0260,1941.1760,10.0061
71,b71,fr_screened,f(R) screened,2,npz,194,883.5310,243.2050,1126.7360,5.8079
72,b72,fr_screened,f(R) screened,2,npz,194,1557.4400,219.9270,1777.3670,9.1617
73,b73,fr_screened,f(R) screened,2,npz,194,1058.5800,618.0650,1676.6450,8.6425
74,b74,fr_screened,f(R) screened,2,npz,194,769.4840,599.3180,1368.8020,7.0557
75,b75,fr_screened,f(R) screened,2,npz,194,1107.5600,447.0250,1554.5850,8.0133
76,b76,fr_screened,f(R) screened,2,npz,194,934.5070,353.9720,1288.4790,6.6416
77,b77,fr_screened,f(R) screened,2,npz,194,1125.1600,261.9430,1387.1030,7.1500
78,b78,fr_screened,f(R) screened,2,npz,194,1064.1800,349.7190,1413.8990,7.2881
79,b79,fr_screened,f(R) screened,2,npz,194,1352.5600,613.7680,1966.3280,10.1357
80,b80,fr_screened,f(R) screened,2,npz,194,1143.0100,853.4920,1996.5020,10.2912
81,b81,fr_screened,f(R) screened,2,npz,194,722.6210,1084.5600,1807.1810,9.3154
82,b82,fr_screened,f(R) screened,2,npz,194,764.8140,676.3240,1441.1380,7.4285
83,b83,fr_screened,f(R) screened,2,npz,194,1092.6600,384.7090,1477.3690,7.6153
84,b84,fr_screened,f(R) screened,2,npz,194,1043.7200,614.7720,1658.4920,8.5489
85,b85,fr_screened,f(R) screened,2,npz,194,817.3880,462.5170,1279.9050,6.5974
86,b86,fr_screened,f(R) screened,2,npz,194,926.3480,931.3170,1857.6650,9.5756
87,b87,fr_screened,f(R) screened,2,npz,194,1195.8900,227.7490,1423.6390,7.3383
88,b88,fr_screened,f(R) screened,2,npz,194,1477.4800,701.9400,2179.4200,11.2341
89,b89,fr_screened,f(R) screened,2,npz,194,1093.6600,329.4550,1423.1150,7.3356
90,b90,fr_screened,f(R) screened,2,npz,194,828.5310,147.9660,976.4970,5.0335
91,b91,fr_screened,f(R) screened,2,npz,194,955.1090,229.6920,1184.8010,6.1072
92,b92,fr_screened,f(R) screened,2,npz,194,1690.6200,225.6560,1916.2760,9.8777
93,b93,fr_screened,f(R) screened,2,npz,194,761.9050,163.7180,925.6230,4.7713
94,b94,fr_screened,f(R) screened,2,npz,194,1291.3500,620.3770,1911.7270,9.8543
95,b95,fr_screened,f(R) screened,2,npz,194,1133.9700,806.6300,1940.6000,10.0031
96,b96,fr_screened,f(R) screened,2,npz,194,1088.9600,364.6100,1453.5700,7.4926
97,b97,fr_screened,f(R) screened,2,npz,194,696.2760,1003.1600,1699.4360,8.7600
98,b98,fr_screened,f(R) screened,2,npz,194,1086.6800,549.1600,1635.8400,8.4322
99,b99,fr_screened,f(R) screened,2,npz,194,731.0170,488.4310,1219.4480,6.2858
100,b100,fr_screened,f(R) screened,2,npz,194,1346.5800,773.0880,2119.6680,10.9261
1,b1,refracted_gravity,Refracted Gravity,2,npz,194,1165.3300,604.4980,1769.8280,9.1228
2,b2,refracted_gravity,Refracted Gravity,2,npz,194,1686.9600,516.7680,2203.7280,11.3594
3,b3,refracted_gravity,Refracted Gravity,2,npz,194,957.0240,502.7390,1459.7630,7.5246
4,b4,refracted_gravity,Refracted Gravity,2,npz,194,968.0610,405.8250,1373.8860,7.0819
5,b5,refracted_gravity,Refracted Gravity,2,npz,194,820.2970,183.2860,1003.5830,5.1731
6,b6,refracted_gravity,Refracted Gravity,2,npz,194,972.4200,387.5480,1359.9680,7.0101
7,b7,refracted_gravity,Refracted Gravity,2,npz,194,870.1960,390.5760,1260.7720,6.4988
8,b8,refracted_gravity,Refracted Gravity,2,npz,194,1028.0900,820.0510,1848.1410,9.5265
9,b9,refracted_gravity,Refracted Gravity,2,npz,194,1106.5300,272.1700,1378.7000,7.1067
10,b10,refracted_gravity,Refracted Gravity,2,npz,194,1008.3400,203.9250,1212.2650,6.2488
11,b11,refracted_gravity,Refracted Gravity,2,npz,194,1401.4800,575.6450,1977.1250,10.1914
12,b12,refracted_gravity,Refracted Gravity,2,npz,194,658.1980,56.8528,715.0508,3.6858
13,b13,refracted_gravity,Refracted Gravity,2,npz,194,1361.5900,847.8890,2209.4790,11.3891
14,b14,refracted_gravity,Refracted Gravity,2,npz,194,1099.2900,1490.6400,2589.9300,13.3502
15,b15,refracted_gravity,Refracted Gravity,2,npz,194,1398.7700,619.8720,2018.6420,10.4054
16,b16,refracted_gravity,Refracted Gravity,2,npz,194,885.1560,648.8910,1534.0470,7.9075
17,b17,refracted_gravity,Refracted Gravity,2,npz,194,931.0230,428.0740,1359.0970,7.0057
18,b18,refracted_gravity,Refracted Gravity,2,npz,194,1040.9100,775.1990,1816.1090,9.3614
19,b19,refracted_gravity,Refracted Gravity,2,npz,194,1296.5500,655.6980,1952.2480,10.0631
20,b20,refracted_gravity,Refracted Gravity,2,npz,194,676.4070,206.1960,882.6030,4.5495
21,b21,refracted_gravity,Refracted Gravity,2,npz,194,1053.2200,556.3170,1609.5370,8.2966
22,b22,refracted_gravity,Refracted Gravity,2,npz,194,1671.7600,717.3110,2389.0710,12.3148
23,b23,refracted_gravity,Refracted Gravity,2,npz,194,1150.8100,1520.2300,2671.0400,13.7682
24,b24,refracted_gravity,Refracted Gravity,2,npz,194,1339.8100,272.2860,1612.0960,8.3098
25,b25,refracted_gravity,Refracted Gravity,2,npz,194,886.0450,211.1630,1097.2080,5.6557
26,b26,refracted_gravity,Refracted Gravity,2,npz,194,1275.6600,716.9450,1992.6050,10.2712
27,b27,refracted_gravity,Refracted Gravity,2,npz,194,613.0680,142.7300,755.7980,3.8959
28,b28,refracted_gravity,Refracted Gravity,2,npz,194,1053.8500,236.8240,1290.6740,6.6530
29,b29,refracted_gravity,Refracted Gravity,2,npz,194,1240.1100,1339.5800,2579.6900,13.2974
30,b30,refracted_gravity,Refracted Gravity,2,npz,194,1329.6900,222.5640,1552.2540,8.0013
31,b31,refracted_gravity,Refracted Gravity,2,npz,194,1247.4100,203.3280,1450.7380,7.4780
32,b32,refracted_gravity,Refracted Gravity,2,npz,194,737.2610,123.8570,861.1180,4.4388
33,b33,refracted_gravity,Refracted Gravity,2,npz,194,980.7900,416.1580,1396.9480,7.2008
34,b34,refracted_gravity,Refracted Gravity,2,npz,194,1083.0100,435.7160,1518.7260,7.8285
35,b35,refracted_gravity,Refracted Gravity,2,npz,194,1224.6700,546.0710,1770.7410,9.1275
36,b36,refracted_gravity,Refracted Gravity,2,npz,194,1025.3700,331.5520,1356.9220,6.9944
37,b37,refracted_gravity,Refracted Gravity,2,npz,194,1603.3200,912.7020,2516.0220,12.9692
38,b38,refracted_gravity,Refracted Gravity,2,npz,194,1535.7100,465.7840,2001.4940,10.3170
39,b39,refracted_gravity,Refracted Gravity,2,npz,194,1042.7000,425.9640,1468.6640,7.5704
40,b40,refracted_gravity,Refracted Gravity,2,npz,194,986.4750,322.9070,1309.3820,6.7494
41,b41,refracted_gravity,Refracted Gravity,2,npz,194,1419.0100,405.4160,1824.4260,9.4043
42,b42,refracted_gravity,Refracted Gravity,2,npz,194,1392.7600,486.8040,1879.5640,9.6885
43,b43,refracted_gravity,Refracted Gravity,2,npz,194,928.2780,906.1640,1834.4420,9.4559
44,b44,refracted_gravity,Refracted Gravity,2,npz,194,1268.6700,1197.7600,2466.4300,12.7136
45,b45,refracted_gravity,Refracted Gravity,2,npz,194,1048.8900,533.9090,1582.7990,8.1588
46,b46,refracted_gravity,Refracted Gravity,2,npz,194,1919.9500,528.3220,2448.2720,12.6200
47,b47,refracted_gravity,Refracted Gravity,2,npz,194,688.7200,56.4193,745.1393,3.8409
48,b48,refracted_gravity,Refracted Gravity,2,npz,194,737.9340,306.6640,1044.5980,5.3845
49,b49,refracted_gravity,Refracted Gravity,2,npz,194,1106.5000,300.1680,1406.6680,7.2509
50,b50,refracted_gravity,Refracted Gravity,2,npz,194,1807.5700,942.9630,2750.5330,14.1780
51,b51,refracted_gravity,Refracted Gravity,2,npz,194,1364.9100,823.7080,2188.6180,11.2815
52,b52,refracted_gravity,Refracted Gravity,2,npz,194,1166.7300,739.4500,1906.1800,9.8257
53,b53,refracted_gravity,Refracted Gravity,2,npz,194,1407.1500,641.2860,2048.4360,10.5589
54,b54,refracted_gravity,Refracted Gravity,2,npz,194,1314.0500,610.7310,1924.7810,9.9216
55,b55,refracted_gravity,Refracted Gravity,2,npz,194,1139.5500,240.9280,1380.4780,7.1159
56,b56,refracted_gravity,Refracted Gravity,2,npz,194,1395.2400,743.9160,2139.1560,11.0266
57,b57,refracted_gravity,Refracted Gravity,2,npz,194,922.6550,374.0830,1296.7380,6.6842
58,b58,refracted_gravity,Refracted Gravity,2,npz,194,1587.9300,304.9610,1892.8910,9.7572
59,b59,refracted_gravity,Refracted Gravity,2,npz,194,1630.6100,1054.8600,2685.4700,13.8426
60,b60,refracted_gravity,Refracted Gravity,2,npz,194,758.7860,1091.7100,1850.4960,9.5386
61,b61,refracted_gravity,Refracted Gravity,2,npz,194,1253.8600,796.0290,2049.8890,10.5664
62,b62,refracted_gravity,Refracted Gravity,2,npz,194,1312.8500,1142.0600,2454.9100,12.6542
63,b63,refracted_gravity,Refracted Gravity,2,npz,194,748.3560,941.1180,1689.4740,8.7086
64,b64,refracted_gravity,Refracted Gravity,2,npz,194,1456.4900,703.7760,2160.2660,11.1354
65,b65,refracted_gravity,Refracted Gravity,2,npz,194,1389.4800,723.8420,2113.3220,10.8934
66,b66,refracted_gravity,Refracted Gravity,2,npz,194,877.5370,154.2440,1031.7810,5.3185
67,b67,refracted_gravity,Refracted Gravity,2,npz,194,1016.4900,457.3090,1473.7990,7.5969
68,b68,refracted_gravity,Refracted Gravity,2,npz,194,1276.6400,798.2670,2074.9070,10.6954
69,b69,refracted_gravity,Refracted Gravity,2,npz,194,901.0000,452.4460,1353.4460,6.9765
70,b70,refracted_gravity,Refracted Gravity,2,npz,194,1433.9700,743.4030,2177.3730,11.2236
71,b71,refracted_gravity,Refracted Gravity,2,npz,194,878.8950,228.2890,1107.1840,5.7071
72,b72,refracted_gravity,Refracted Gravity,2,npz,194,1577.3000,204.4170,1781.7170,9.1841
73,b73,refracted_gravity,Refracted Gravity,2,npz,194,1284.4600,650.5790,1935.0390,9.9744
74,b74,refracted_gravity,Refracted Gravity,2,npz,194,877.8900,627.1910,1505.0810,7.7581
75,b75,refracted_gravity,Refracted Gravity,2,npz,194,1145.2100,431.9500,1577.1600,8.1297
76,b76,refracted_gravity,Refracted Gravity,2,npz,194,865.2170,309.4080,1174.6250,6.0548
77,b77,refracted_gravity,Refracted Gravity,2,npz,194,1016.6900,221.1350,1237.8250,6.3805
78,b78,refracted_gravity,Refracted Gravity,2,npz,194,1014.0300,311.8200,1325.8500,6.8343
79,b79,refracted_gravity,Refracted Gravity,2,npz,194,1537.7600,624.5760,2162.3360,11.1461
80,b80,refracted_gravity,Refracted Gravity,2,npz,194,1370.1600,890.8880,2261.0480,11.6549
81,b81,refracted_gravity,Refracted Gravity,2,npz,194,962.0980,1166.2000,2128.2980,10.9706
82,b82,refracted_gravity,Refracted Gravity,2,npz,194,911.4700,726.4330,1637.9030,8.4428
83,b83,refracted_gravity,Refracted Gravity,2,npz,194,1220.3100,395.5930,1615.9030,8.3294
84,b84,refracted_gravity,Refracted Gravity,2,npz,194,1223.3200,639.9540,1863.2740,9.6045
85,b85,refracted_gravity,Refracted Gravity,2,npz,194,883.2590,474.5290,1357.7880,6.9989
86,b86,refracted_gravity,Refracted Gravity,2,npz,194,1185.8900,988.5350,2174.4250,11.2084
87,b87,refracted_gravity,Refracted Gravity,2,npz,194,1182.2900,210.0300,1392.3200,7.1769
88,b88,refracted_gravity,Refracted Gravity,2,npz,194,1735.0300,722.1370,2457.1670,12.6658
89,b89,refracted_gravity,Refracted Gravity,2,npz,194,1021.9600,287.4220,1309.3820,6.7494
90,b90,refracted_gravity,Refracted Gravity,2,npz,194,788.5500,135.4970,924.0470,4.7631
91,b91,refracted_gravity,Refracted Gravity,2,npz,194,933.3310,211.1310,1144.4620,5.8993
92,b92,refracted_gravity,Refracted Gravity,2,npz,194,1675.7700,201.7190,1877.4890,9.6778
93,b93,refracted_gravity,Refracted Gravity,2,npz,194,724.4640,147.2810,871.7450,4.4935
94,b94,refracted_gravity,Refracted Gravity,2,npz,194,1495.2900,632.7110,2128.0010,10.9691
95,b95,refracted_gravity,Refracted Gravity,2,npz,194,1329.2400,830.1510,2159.3910,11.1309
96,b96,refracted_gravity,Refracted Gravity,2,npz,194,1049.5100,329.9320,1379.4420,7.1105
97,b97,refracted_gravity,Refracted Gravity,2,npz,194,868.5950,1067.2600,1935.8550,9.9786
98,b98,refracted_gravity,Refracted Gravity,2,npz,194,1276.6300,576.0860,1852.7160,9.5501
99,b99,refracted_gravity,Refracted Gravity,2,npz,194,830.2570,506.2620,1336.5190,6.8893
100,b100,refracted_gravity,Refracted Gravity,2,npz,194,1565.6300,802.0810,2367.7110,12.2047
1,b1,emergent_gravity,Emergent Gravity (fixed),0,npz,196,2117.0000,653.2910,2770.2910,14.1341
2,b2,emergent_gravity,Emergent Gravity (fixed),0,npz,196,1603.3300,533.7360,2137.0660,10.9034
3,b3,emergent_gravity,Emergent Gravity (fixed),0,npz,196,6523.6800,971.1470,7494.8270,38.2389
4,b4,emergent_gravity,Emergent Gravity (fixed),0,npz,196,2918.2100,473.2430,3391.4530,17.3033
5,b5,emergent_gravity,Emergent Gravity (fixed),0,npz,196,8528.3000,561.0820,9089.3820,46.3744
6,b6,emergent_gravity,Emergent Gravity (fixed),0,npz,196,8374.4000,955.7890,9330.1890,47.6030
7,b7,emergent_gravity,Emergent Gravity (fixed),0,npz,196,8939.7300,1002.7500,9942.4800,50.7269
8,b8,emergent_gravity,Emergent Gravity (fixed),0,npz,196,1692.2400,859.5640,2551.8040,13.0194
9,b9,emergent_gravity,Emergent Gravity (fixed),0,npz,196,8474.4900,755.5670,9230.0570,47.0921
10,b10,emergent_gravity,Emergent Gravity (fixed),0,npz,196,5147.8400,382.8420,5530.6820,28.2178
11,b11,emergent_gravity,Emergent Gravity (fixed),0,npz,196,1093.6000,476.5840,1570.1840,8.0111
12,b12,emergent_gravity,Emergent Gravity (fixed),0,npz,196,7441.4400,160.9100,7602.3500,38.7875
13,b13,emergent_gravity,Emergent Gravity (fixed),0,npz,196,819.8000,731.6710,1551.4710,7.9157
14,b14,emergent_gravity,Emergent Gravity (fixed),0,npz,196,2580.6200,1871.7200,4452.3400,22.7160
15,b15,emergent_gravity,Emergent Gravity (fixed),0,npz,196,1576.2100,620.7780,2196.9880,11.2091
16,b16,emergent_gravity,Emergent Gravity (fixed),0,npz,196,2605.6200,731.6850,3337.3050,17.0271
17,b17,emergent_gravity,Emergent Gravity (fixed),0,npz,196,5533.6700,781.0870,6314.7570,32.2181
18,b18,emergent_gravity,Emergent Gravity (fixed),0,npz,196,2344.6300,909.4310,3254.0610,16.6024
19,b19,emergent_gravity,Emergent Gravity (fixed),0,npz,196,6854.9800,1250.1400,8105.1200,41.3527
20,b20,emergent_gravity,Emergent Gravity (fixed),0,npz,196,5646.6100,355.0170,6001.6270,30.6205
21,b21,emergent_gravity,Emergent Gravity (fixed),0,npz,196,1735.8500,526.8140,2262.6640,11.5442
22,b22,emergent_gravity,Emergent Gravity (fixed),0,npz,196,1562.7600,762.5360,2325.2960,11.8638
23,b23,emergent_gravity,Emergent Gravity (fixed),0,npz,196,1665.8600,1722.9700,3388.8300,17.2899
24,b24,emergent_gravity,Emergent Gravity (fixed),0,npz,196,5027.9700,519.7310,5547.7010,28.3046
25,b25,emergent_gravity,Emergent Gravity (fixed),0,npz,196,7321.1800,541.6330,7862.8130,40.1164
26,b26,emergent_gravity,Emergent Gravity (fixed),0,npz,196,1271.8700,677.6620,1949.5320,9.9466
27,b27,emergent_gravity,Emergent Gravity (fixed),0,npz,196,7692.6700,398.9030,8091.5730,41.2835
28,b28,emergent_gravity,Emergent Gravity (fixed),0,npz,196,7096.9300,594.1890,7691.1190,39.2404
29,b29,emergent_gravity,Emergent Gravity (fixed),0,npz,196,1659.4500,1525.9500,3185.4000,16.2520
30,b30,emergent_gravity,Emergent Gravity (fixed),0,npz,196,2504.7200,266.7580,2771.4780,14.1402
31,b31,emergent_gravity,Emergent Gravity (fixed),0,npz,196,4548.8900,383.8700,4932.7600,25.1671
32,b32,emergent_gravity,Emergent Gravity (fixed),0,npz,196,4635.7900,187.0530,4822.8430,24.6063
33,b33,emergent_gravity,Emergent Gravity (fixed),0,npz,196,10056.7000,1118.9100,11175.6100,57.0184
34,b34,emergent_gravity,Emergent Gravity (fixed),0,npz,196,8032.8000,1005.1500,9037.9500,46.1120
35,b35,emergent_gravity,Emergent Gravity (fixed),0,npz,196,3144.7900,727.8480,3872.6380,19.7584
36,b36,emergent_gravity,Emergent Gravity (fixed),0,npz,196,5049.2400,595.8600,5645.1000,28.8015
37,b37,emergent_gravity,Emergent Gravity (fixed),0,npz,196,3957.3600,1321.9600,5279.3200,26.9353
38,b38,emergent_gravity,Emergent Gravity (fixed),0,npz,196,4002.9900,738.6200,4741.6100,24.1919
39,b39,emergent_gravity,Emergent Gravity (fixed),0,npz,196,3070.9600,551.2810,3622.2410,18.4808
40,b40,emergent_gravity,Emergent Gravity (fixed),0,npz,196,7650.7800,790.4410,8441.2210,43.0675
41,b41,emergent_gravity,Emergent Gravity (fixed),0,npz,196,6554.0500,857.1740,7411.2240,37.8124
42,b42,emergent_gravity,Emergent Gravity (fixed),0,npz,196,6340.3700,945.4790,7285.8490,37.1727
43,b43,emergent_gravity,Emergent Gravity (fixed),0,npz,196,1852.9500,975.5150,2828.4650,14.4309
44,b44,emergent_gravity,Emergent Gravity (fixed),0,npz,196,2219.3900,1454.5200,3673.9100,18.7444
45,b45,emergent_gravity,Emergent Gravity (fixed),0,npz,196,7283.8600,1103.9700,8387.8300,42.7951
46,b46,emergent_gravity,Emergent Gravity (fixed),0,npz,196,3824.2100,805.5370,4629.7470,23.6212
47,b47,emergent_gravity,Emergent Gravity (fixed),0,npz,196,6823.4300,147.4590,6970.8890,35.5658
48,b48,emergent_gravity,Emergent Gravity (fixed),0,npz,196,9307.1000,844.9120,10152.0120,51.7960
49,b49,emergent_gravity,Emergent Gravity (fixed),0,npz,196,7538.8600,745.6700,8284.5300,42.2680
50,b50,emergent_gravity,Emergent Gravity (fixed),0,npz,196,2243.8600,1153.3600,3397.2200,17.3328
51,b51,emergent_gravity,Emergent Gravity (fixed),0,npz,196,6052.1500,1411.0800,7463.2300,38.0777
52,b52,emergent_gravity,Emergent Gravity (fixed),0,npz,196,4720.3800,1163.0600,5883.4400,30.0176
53,b53,emergent_gravity,Emergent Gravity (fixed),0,npz,196,876.6440,498.5690,1375.2130,7.0164
54,b54,emergent_gravity,Emergent Gravity (fixed),0,npz,196,948.8810,463.4310,1412.3120,7.2057
55,b55,emergent_gravity,Emergent Gravity (fixed),0,npz,196,5475.0000,482.8200,5957.8200,30.3970
56,b56,emergent_gravity,Emergent Gravity (fixed),0,npz,196,972.4380,635.7790,1608.2170,8.2052
57,b57,emergent_gravity,Emergent Gravity (fixed),0,npz,196,4210.5300,558.1310,4768.6610,24.3299
58,b58,emergent_gravity,Emergent Gravity (fixed),0,npz,196,3033.9100,432.6530,3466.5630,17.6865
59,b59,emergent_gravity,Emergent Gravity (fixed),0,npz,196,3219.1200,1416.6900,4635.8100,23.6521
60,b60,emergent_gravity,Emergent Gravity (fixed),0,npz,196,2393.2700,1260.1600,3653.4300,18.6399
61,b61,emergent_gravity,Emergent Gravity (fixed),0,npz,196,2196.3200,941.8180,3138.1380,16.0109
62,b62,emergent_gravity,Emergent Gravity (fixed),0,npz,196,1616.5700,1279.4600,2896.0300,14.7757
63,b63,emergent_gravity,Emergent Gravity (fixed),0,npz,196,3032.0800,1144.8000,4176.8800,21.3106
64,b64,emergent_gravity,Emergent Gravity (fixed),0,npz,196,826.2090,547.6570,1373.8660,7.0095
65,b65,emergent_gravity,Emergent Gravity (fixed),0,npz,196,1498.5400,744.6820,2243.2220,11.4450
66,b66,emergent_gravity,Emergent Gravity (fixed),0,npz,196,6740.4100,395.8600,7136.2700,36.4095
67,b67,emergent_gravity,Emergent Gravity (fixed),0,npz,196,7285.2500,982.5100,8267.7600,42.1824
68,b68,emergent_gravity,Emergent Gravity (fixed),0,npz,196,1144.4300,745.1710,1889.6010,9.6408
69,b69,emergent_gravity,Emergent Gravity (fixed),0,npz,196,9145.3100,1107.8200,10253.1300,52.3119
70,b70,emergent_gravity,Emergent Gravity (fixed),0,npz,196,3068.5800,1001.2800,4069.8600,20.7646
71,b71,emergent_gravity,Emergent Gravity (fixed),0,npz,196,3897.5400,326.3030,4223.8430,21.5502
72,b72,emergent_gravity,Emergent Gravity (fixed),0,npz,196,3554.9300,314.3920,3869.3220,19.7414
73,b73,emergent_gravity,Emergent Gravity (fixed),0,npz,196,1209.1900,573.7540,1782.9440,9.0967
74,b74,emergent_gravity,Emergent Gravity (fixed),0,npz,196,3954.0500,880.8560,4834.9060,24.6679
75,b75,emergent_gravity,Emergent Gravity (fixed),0,npz,196,6215.6000,849.0300,7064.6300,36.0440
76,b76,emergent_gravity,Emergent Gravity (fixed),0,npz,196,10014.7000,925.7020,10940.4020,55.8184
77,b77,emergent_gravity,Emergent Gravity (fixed),0,npz,196,8201.2300,630.3440,8831.5740,45.0591
78,b78,emergent_gravity,Emergent Gravity (fixed),0,npz,196,8305.6500,816.8230,9122.4730,46.5432
79,b79,emergent_gravity,Emergent Gravity (fixed),0,npz,196,3249.1100,865.4270,4114.5370,20.9925
80,b80,emergent_gravity,Emergent Gravity (fixed),0,npz,196,5058.1700,1419.4600,6477.6300,33.0491
81,b81,emergent_gravity,Emergent Gravity (fixed),0,npz,196,1411.4600,1264.9300,2676.3900,13.6551
82,b82,emergent_gravity,Emergent Gravity (fixed),0,npz,196,2270.5000,779.9080,3050.4080,15.5633
83,b83,emergent_gravity,Emergent Gravity (fixed),0,npz,196,1784.3400,375.2210,2159.5610,11.0182
84,b84,emergent_gravity,Emergent Gravity (fixed),0,npz,196,2676.5100,806.0930,3482.6030,17.7684
85,b85,emergent_gravity,Emergent Gravity (fixed),0,npz,196,4977.8800,773.2480,5751.1280,29.3425
86,b86,emergent_gravity,Emergent Gravity (fixed),0,npz,196,1802.9300,1100.9000,2903.8300,14.8155
87,b87,emergent_gravity,Emergent Gravity (fixed),0,npz,196,3735.5100,332.0870,4067.5970,20.7530
88,b88,emergent_gravity,Emergent Gravity (fixed),0,npz,196,2360.4800,891.9090,3252.3890,16.5938
89,b89,emergent_gravity,Emergent Gravity (fixed),0,npz,196,8527.5700,786.3750,9313.9450,47.5201
90,b90,emergent_gravity,Emergent Gravity (fixed),0,npz,196,4322.2800,187.6940,4509.9740,23.0101
91,b91,emergent_gravity,Emergent Gravity (fixed),0,npz,196,4172.1800,342.0510,4514.2310,23.0318
92,b92,emergent_gravity,Emergent Gravity (fixed),0,npz,196,4690.2900,384.9510,5075.2410,25.8941
93,b93,emergent_gravity,Emergent Gravity (fixed),0,npz,196,5347.4800,262.5610,5610.0410,28.6227
94,b94,emergent_gravity,Emergent Gravity (fixed),0,npz,196,2303.6100,767.3790,3070.9890,15.6683
95,b95,emergent_gravity,Emergent Gravity (fixed),0,npz,196,5039.1600,1332.2400,6371.4000,32.5071
96,b96,emergent_gravity,Emergent Gravity (fixed),0,npz,196,8336.5200,840.7550,9177.2750,46.8228
97,b97,emergent_gravity,Emergent Gravity (fixed),0,npz,196,3320.1700,1388.8000,4708.9700,24.0254
98,b98,emergent_gravity,Emergent Gravity (fixed),0,npz,196,1571.3900,553.3920,2124.7820,10.8407
99,b99,emergent_gravity,Emergent Gravity (fixed),0,npz,196,3018.8100,563.5730,3582.3830,18.2775
100,b100,emergent_gravity,Emergent Gravity (fixed),0,npz,196,4964.3400,1279.7100,6244.0500,31.8574
